0.4195329074651986,0.5116428783642339,0.35753233139295004,0.5567377546347677,0.4029548832062915,0.5247986828558596,0.32123343919507785,0.5784421950116913,0.3702958691435203,0.5483313457411367,0.5803522825401214,0.3177696076995286,0.5667393944633583,0.3414568116033813,0.3989080179594336,0.5278813205965119,0.5555006354629803,0.35945144237750143,0.5103366451045305,0.4211208901141022
0.20222778322755486,0.372688780401505,0.2875164893470123,0.31165248547037366,0.31118774303925834,0.28801942977588263,0.26411771135111145,0.3317149949835597,0.32233588790492795,0.27548607717057827,0.33521969071167984,0.25965508334222503,0.3347056181265067,0.2603174072951042,0.19688082178503669,0.3755408704249655,0.3179737377857986,0.2805097242963607,0.3158158344515612,0.2829370284285112
0.20969605900234495,0.42038480922758736,0.1732384435870226,0.4366740966143698,0.23067100182788297,0.40925140672470606,0.1904398455030545,0.42945138285398815,0.19533160821709897,0.42724862530118424,0.41844302002134237,0.21354452459814663,0.4293884964899303,0.1905815942648898,0.20033587195064548,0.4249251268167188,0.41960904103510754,0.21124411866849074,0.41480823092932423,0.22052200920478293
0.221488206226424,0.5864620687637091,0.25680579605768666,0.5718789790744071,0.2523080106210887,0.5738775578226046,0.2882641191422785,0.5566853520716479,0.24483996973611927,0.5771032600979001,0.5577699974813002,0.28615976919497044,0.5594458508261365,0.2828694461928126,0.2173224054137184,0.5880184994549098,0.5458679998667476,0.30825786335061245,0.5488832012043381,0.30285642643286703
0.33592338606444355,0.38750112220127786,0.39064482653449367,0.3322623368877162,0.39640510114428773,0.3253684631291697,0.44090696670269885,0.26192114791531457,0.31512134848933804,0.4045987848950019,0.24711860663017657,0.44937071029319536,0.3456232811839477,0.3788748982393696,0.17911950882681038,0.48053911658666565,0.36514243401487423,0.36010088016269004,0.3456482770229852,0.3788520946270359
0.21799691490240378,0.6650530607641028,0.33030016925375993,0.617025142704578,0.3250829384321531,0.6197897318276451,0.28514384084985767,0.639148823486407,0.31688394984308776,0.6240214666744331,0.6400746945725274,0.2830593822973424,0.6293572833600372,0.306149699363467,0.16978371564416928,0.6789637092221698,0.6305321224446868,0.30372268783228185,0.6170209567211474,0.33030798886128554
0.4602135189536943,0.45282863194864664,0.38213890528355254,0.5204037951522964,0.47046497549848787,0.44216847441832896,0.3975709013480398,0.5087117369803181,0.3845133374689252,0.5186518545698392,0.511975706963572,0.3933587782411572,0.44548369342096594,0.46732700739015715,0.4203114711185239,0.4900903183969333,0.5320446106241541,0.3657578232191589,0.5266695529065109,0.3734560683420222
0.2405663827413668,0.3091940197162625,0.2211178378502295,0.32338835495114215,0.24484743028761496,0.3058150784626517,0.17996538318524877,0.3479735438054923,0.2521957352333541,0.299783984668418,0.3369934388516298,0.19977124043395017,0.32209227075636554,0.22300155930525334,0.24911774526026695,0.30234661455026585,0.3031084230105016,0.24819027022357887,0.318764090851149,0.22773357397934701
0.18388405769365965,0.4942575861165043,0.24640165660000143,0.46625114662848144,0.17742039962593573,0.4966144479414307,0.22943239198171353,0.47483121803136336,0.26809457627759953,0.45412465940326685,0.4760266617565305,0.2269416784209821,0.47072519642252714,0.23774292326076082,0.22344387891963383,0.4776784913317186,0.4758610217413733,0.22728879447710348,0.4730875047490397,0.2330066972383543
0.2927277315249729,0.7735282422971255,0.39689767289366473,0.7256085057981546,0.24067015028415392,0.791273243069194,0.4380158319470402,0.7015537024339472,0.48184294489571894,0.6722074403703504,0.6355014530569931,0.5293140557339162,0.6895265612698475,0.45671499618297656,0.4207822039363524,0.7120237378665848,0.6773701306104043,0.47455787064580524,0.6786441195569831,0.47273420166703
0.3227903909354083,0.47832101008020866,0.3791681414337404,0.43498982250860524,0.38061915937256136,0.43372074043433706,0.40899683004402004,0.40707028653333044,0.36742066137811685,0.4449569448349492,0.41190201355809136,0.404130370537992,0.46026432865145905,0.3480536926041821,0.32894501888766897,0.47410948072504927,0.4434581946171787,0.3692281879695227,0.42268715179874583,0.39283609415206344
0.34550405583288313,0.541271796323956,0.25411528836426267,0.5897233506588337,0.3098470882970252,0.5624437678262508,0.2878383054595454,0.5740185711306834,0.3152161009492386,0.5594524285362372,0.5754315478575176,0.28500305932223874,0.5715729242535934,0.2926646585307664,0.35396703165052673,0.5357756532330011,0.557905645053848,0.3179457521492994,0.5665373208411576,0.30229732745569765
0.27759797668743896,0.46020033161672824,0.290952980447587,0.45187536450859167,0.2911515614962266,0.4517474406340511,0.30079109414491767,0.44538713448438294,0.2737053000728244,0.462526097202257,0.4439731178447416,0.3028743180138021,0.439252344487137,0.3096810613254547,0.26024470453171916,0.4702315128150226,0.4235239634365122,0.3308661878707681,0.4258541384971053,0.32786160892363536
0.2616703729144824,0.4630768938752668,0.2583624700118013,0.4649305623335279,0.2749918152006197,0.4552923184889436,0.2523589214737437,0.46821636927277355,0.30022487369279477,0.43906334271778463,0.4469988138431345,0.2882770440482561,0.46398586160185223,0.26005521324510344,0.27985736236380804,0.4523178643754209,0.460344105023945,0.2664486792462527,0.45769494660333737,0.2709740385279327
0.23597343999501288,0.42261804928052116,0.21033732005350889,0.43594459711465716,0.20118970604323247,0.44024105004303116,0.2198721191363224,0.43121425206880143,0.24962907702887566,0.4146984493128285,0.43065176537466215,0.22097180123364138,0.4585656024316374,0.15494214477430734,0.2129032289562534,0.43469724528774517,0.43663582220684916,0.2088986326582866,0.4210440405770149,0.23877059252624477
0.44044185165162225,0.3148547231058493,0.49467488567422674,0.22004381116396188,0.3264986675931971,0.4318809342958283,0.46932087780395393,0.2699267215480838,0.35806218483858754,0.40609603930226623,0.2617873001808256,0.47390920102104467,0.2821516331241652,0.4620746446990325,0.25067779303385385,0.47987828188827947,0.30810569507751157,0.4451891755301044,0.21020984828921863,0.4989332029747011
0.3971783452232934,0.537056737584061,0.48108091850040013,0.46340233831257266,0.399483120799341,0.5353445745453742,0.40456903405653055,0.5315114993876563,0.4650769784573348,0.47946217932986585,0.5290170076010534,0.4078254319774279,0.5281816549881105,0.4089067334157867,0.3815931753503432,0.5482401169421943,0.49340707875766854,0.4502555184898599,0.4713590782777868,0.47328764681096835
0.4111325969516656,0.37624426116858234,0.4104111236636241,0.37703112061429966,0.30210437067097756,0.468319021138375,0.37025410101349093,0.4165353010504688,0.30435044881294276,0.466862464378829,0.3946476462049038,0.3935009424174765,0.4409093455495455,0.34086464373059366,0.17184297669567722,0.530150683955875,0.4333660523108722,0.3504049386681122,0.37487757119042037,0.41237914951763066
0.26538148520189553,0.3287189348760178,0.2930089536400174,0.3043504951873246,0.2520826616354566,0.3390247815968199,0.24880209446489304,0.34143958268465296,0.2427707894612867,0.3457539799023739,0.3406944541271417,0.24982145576590595,0.3031210147589867,0.29428068445868094,0.23356454255561346,0.3520384571247502,0.28958777756285453,0.3076075257860156,0.2856745821980796,0.31124508657959593
0.2649960925466551,0.5416927436814692,0.3400568667984844,0.49801133015760907,0.34354679239762753,0.49561028949715596,0.3849407156144949,0.4641924203219543,0.34166263149467996,0.49691106232633203,0.4620949731888898,0.38745605347666534,0.43976094411070504,0.41263091214427294,0.2657992312143163,0.5412991098348785,0.4867949697696738,0.35592782278025925,0.49276710110029565,0.3476126316683046
0.1925696685409728,0.45431898475317634,0.15637724383797041,0.4680117250227573,0.17037653260083307,0.4630989681353806,0.17373796434386468,0.46184839167716824,0.12031515924854344,0.478553110536474,0.46298450367270183,0.17068733552340354,0.46726383163494284,0.1585980100599274,0.1767942050575738,0.46068712398676565,0.44766427666266184,0.20757050019025527,0.4486768697744181,0.20537254850287784
0.2100342903430379,0.4098242336057815,0.2215424749067924,0.40371925565006556,0.2372042126836696,0.3947207456615248,0.22786569645470242,0.4001843699467574,0.22029059461176428,0.4044037085587434,0.4096955981055911,0.21028509805350387,0.4045847890084957,0.21995784612834515,0.21012411214399276,0.40977818764078755,0.3961614640961571,0.23479011890550022,0.37292824437245614,0.2701755542600909
0.2577008031453835,0.4583205699859794,0.23135538492966456,0.4721674858332534,0.23742400489253054,0.46914527676919054,0.16819512863796024,0.49817451512146704,0.27459461754520653,0.44840299377819787,0.4988191781756472,0.16627349848433667,0.49033311206588365,0.1898443784414866,0.23469446074158443,0.470516693552169,0.5005854651468016,0.1608777203276111,0.48472036136288366,0.2037489143389096
0.23169078124661238,0.5642360854926317,0.4031912219564015,0.45768965120922045,0.3664670332632698,0.4875909062092233,0.40358894068595025,0.4573389828592207,0.4106698255229518,0.45099143305794887,0.4513598468459349,0.4102648741263724,0.4784167075504562,0.3783654744070808,0.2777055598044521,0.5430677677237068,0.4797092782323509,0.3767253464588108,0.46726074737515827,0.39205914381521895
0.23871328893693206,0.5749276088689182,0.292503960977507,0.5495154434292889,0.2863679495805158,0.5527379010054134,0.3761621503789746,0.49601192160782254,0.30044871006486246,0.5452122177420268,0.49231439002508826,0.3809886233590766,0.49173048228605915,0.3817419580626928,0.2429285422569468,0.5731592388784585,0.5144895905328375,0.3504657629329465,0.5312161372950297,0.32455385567293327
0.18532682931903763,0.3228680387542233,0.19266521718033525,0.31854343220870307,0.17876537371711218,0.32654669692744953,0.13571019060163697,0.34665912404163507,0.1994074187281031,0.3143668008404217,0.34718630906058234,0.13435576249397044,0.355890502317872,0.10923257057480215,0.15672064389280743,0.337680979464746,0.3422678517452257,0.1464326526979367,0.32184928187914824,0.1870904697421088
0.20745314041065327,0.4796530717858242,0.23308702184254512,0.4677331664404312,0.20337360371596264,0.4813969796866219,0.2153213653264577,0.47617285136152965,0.2460613930645065,0.4610397657284821,0.4666763852248543,0.23519571895186075,0.46671645564632597,0.23511619418651347,0.22870033455782282,0.4698936387236575,0.4638021881967526,0.24081404644190355,0.46113684870912763,0.24587940438848147
0.5140383308623301,0.8922193536227423,0.4465897325349267,0.927819158763763,0.5235174470142445,0.8866906243140288,0.4040165663509337,0.9471332507565744,0.46015106981997206,0.92116869981467,0.9138214524306222,0.47457468711710965,0.9237564017213336,0.45493394119758607,0.4973914966584128,0.9016055011071186,0.8683706288741964,0.5533744044345988,0.8687008985759913,0.5528557943876319
0.34418457370421673,0.4978741706908201,0.4182164602143578,0.4375348020704155,0.4208989060881397,0.43495496487663254,0.32505653906264115,0.5105682687257825,0.4388910496005097,0.4167929428356342,0.5117284322114287,0.3232270444802825,0.5163210511656321,0.3158390139616099,0.28488384169201386,0.5340251935628364,0.49040538634033587,0.3547453560871674,0.4434913033391208,0.4118946157448446
0.18835724119539843,0.6414155437944191,0.2738563052662246,0.609832004897877,0.24483556910747653,0.6220513598021067,0.29721194070203616,0.5987966369611315,0.2947494955110299,0.6000125707248352,0.599452223043953,0.295887448904976,0.6084504237868527,0.27691231811790423,0.26389662702410105,0.6142075548030441,0.5872649365382417,0.31939355729971586,0.5861062239014466,0.321514921015836
0.24254485484904637,0.3528241049097434,0.25815545133632356,0.3415678828058131,0.25594970974639536,0.34322383614755336,0.25476459779551724,0.34410442503576577,0.2494871919449807,0.34794970423110716,0.33330603745921095,0.2687376806708461,0.3404879257304898,0.2595781732943952,0.1901470646875854,0.3836104135836276,0.33099267854124154,0.2715818520652676,0.3172795936078206,0.2874830692391515
0.24272839855050665,0.5257614955771955,0.4367763039489136,0.3802218904839505,0.4454819133526356,0.3699839058258317,0.4341066723877092,0.3832670383465464,0.4445303136708083,0.37112669793777403,0.377506062518679,0.43912572055859606,0.4041196194205568,0.41476446194659367,0.23794538708302918,0.5279433856583208,0.39273412093808596,0.42556096619104045,0.3832825136857596,0.43409300892457187
0.21074769228846116,0.6551365706058768,0.18249682474812254,0.6635611689264178,0.1628703522012619,0.6686492087215672,0.21815274793070877,0.6527081235287497,0.128972322864255,0.6760064022515906,0.6517303853413924,0.22105660083539946,0.6613721216002674,0.19027725224025627,0.21610272733778815,0.6533897207542453,0.6243052956955194,0.2895883521771396,0.6283449312036531,0.28071544913099716
0.2075579247242506,0.49208703062536774,0.38331921452413265,0.37188212864042186,0.2974773579161598,0.4435506277221916,0.38056279175357055,0.3747024144014257,0.40461087113533684,0.348597161182694,0.3749568902824542,0.38031206693351294,0.38445599091061794,0.37070679637479553,0.31436685156569416,0.43174462412658027,0.35787374955388956,0.39642946056741185,0.3640667432199626,0.3907497208018697
0.21651686795829828,0.4346319057240427,0.22076203760050342,0.4324911216872067,0.20560887210206472,0.43989707807247497,0.20619114005215028,0.43962445490188423,0.2173300944126327,0.4342258371474232,0.44075728354063404,0.20375834851525823,0.445108037639834,0.19407030275701748,0.16454281941265322,0.4568480142930681,0.444870522211408,0.19461414658532258,0.428060060344354,0.22923575707505223
0.22662942670132022,0.4494501135080228,0.19114771712234935,0.465648850334947,0.19245508324605837,0.46511003269344386,0.22348036861876572,0.4510241971572747,0.16909678736950012,0.47410186466692755,0.45862966341319705,0.20742500672976055,0.4493103260810045,0.2269064398740702,0.2201876365775413,0.4526408137560512,0.4527671836108272,0.21992766771023411,0.4479960319738948,0.2294904288091088
0.3448103645360696,0.38108157586860997,0.30936630440426377,0.41037768537927205,0.38634736096647454,0.3388997958574791,0.23407668521532415,0.4575209944872546,0.36219604752839507,0.36459755637251456,0.43561211919331866,0.27268926742705935,0.4108225200995751,0.30877534217782765,0.3655312912029828,0.3612536921741847,0.35709663133781205,0.3695934940514878,0.3786453126801783,0.3474839307699427
0.15838643618675155,0.5066777507636372,0.20314998466140588,0.49044743858940576,0.15451974575415386,0.5078703126378918,0.234641211360154,0.4761849516923839,0.21231960163275831,0.48654803776127303,0.4771415668747765,0.23268977512370756,0.4775924800416246,0.23176287298557732,0.19671050648335883,0.4930654955742684,0.4804636806985223,0.22575043259419633,0.4847051967807495,0.2164935992138642
0.32169803043136547,0.4872424702550523,0.2578490427486475,0.5238403561747333,0.30535379983578337,0.4976483743864875,0.21996890751883788,0.5408405747802528,0.27434177544881744,0.5153944487935972,0.5362706088991093,0.23088672901369595,0.5251177424701579,0.2552375445476434,0.33545069214637857,0.47787831164657485,0.48629965078410414,0.32312148992433737,0.4859374999781478,0.3236658673982367
0.37583443841341124,0.8734451803770438,0.6904946084728858,0.6537394005957473,0.47040168326566184,0.8263656966514539,0.6514524627870816,0.6926526524529137,0.6728798945514054,0.6718561272548612,0.6816576013514511,0.6629486576962026,0.6501039221545638,0.6939185100720858,0.5811861664573237,0.7525826520323537,0.6807077673903742,0.6639238989792603,0.6583263601694115,0.6861227380924678
0.3879185536840337,0.6682385401529886,0.45050064556827357,0.627752116030427,0.3918225300668045,0.6659569473848577,0.36029525658422895,0.6835282575878006,0.45330121163080817,0.625732820277274,0.6733392477899502,0.3789957891900305,0.6792641670556936,0.368271288851364,0.37272379183184373,0.6768312388185126,0.6535872610338248,0.4121252759203358,0.5969109398204033,0.4906331427460163
0.33457389161394935,0.835481137955395,0.46090631051114367,0.773003100744072,0.3997237271831872,0.8063432040736286,0.49028909931123227,0.7547085662197861,0.47805228002723626,0.7625184839659334,0.7373570766081075,0.5160164361770758,0.739632872604053,0.5127490951648976,0.3683458680071172,0.8211514734511702,0.760104484335282,0.4818813066745168,0.7565279843497481,0.4874770043034357
0.15850094079415358,0.48469268485283884,0.1969675886934253,0.4703757178966435,0.12483451990233271,0.49443491950229335,0.19331305143020233,0.4718894056124052,0.18471196548451393,0.47532203482411045,0.47878117208626064,0.17555095054767308,0.4680110801783181,0.202522037844796,0.1930679006533209,0.4719897591259841,0.4816147771552044,0.16762086209129196,0.4724125199169826,0.19203113812132566
0.17908061646411116,0.5187437103444026,0.1231104159636174,0.5347978400258444,0.17911266069881057,0.5187326469313805,0.13288967322592693,0.5324521001601458,0.15370794240675054,0.5268194877338219,0.5327606124461551,0.1316473852419456,0.5320968856768765,0.1343049085775074,0.15377041159064844,0.5268012573393178,0.5297386698170152,0.14332426841098084,0.5272637687039888,0.15217694446633537
0.3149543587171502,0.31613689744564594,0.34319322232407146,0.2852318322914023,0.27073450929335957,0.35474161227458784,0.27758141480073323,0.3494099943600834,0.3112736415967869,0.31976163942625335,0.333663990995522,0.29632267397961704,0.34857457980487616,0.2786297692554481,0.1684766336678583,0.4132244062364135,0.35730558363506354,0.2673415528957233,0.3081806702255634,0.322743645174948
0.21436547896407993,0.19162854233716461,0.23431356881114115,0.16664695701017918,0.20412324578639174,0.2025037217914629,0.22553333607044887,0.1783501363349629,0.19358657656366782,0.21259890447536428,0.17693153504291956,0.2266479400239985,0.15404167111090497,0.24278636776212473,0.17558821682970874,0.227690217006197,0.14173172143508503,0.25017229252819617,0.17113269244442775,0.23105769493026365
0.1466836897671425,0.6452900665641429,0.2465671208284179,0.6141009931407404,0.24179787331931613,0.6159944507122732,0.23063565941361208,0.6202600804960026,0.264604085232755,0.6065476509955308,0.6137880287177072,0.2473451650081123,0.6215055831833918,0.22725796998550196,0.13563046484477448,0.647703444375626,0.6159594292926757,0.24188707347748156,0.6096877541665721,0.2572862555003294
0.10398163693717422,0.5581241028891774,0.3679110938766591,0.4323842296481955,0.25678450436762573,0.5063362651071481,0.38564948390254566,0.4166403372354668,0.3934556465145377,0.40927661705967333,0.3974841924285032,0.40536528195621785,0.419379205426315,0.3826692790151517,0.28509668918873643,0.49095271957654374,0.42189475640066665,0.3798940767735205,0.42866864544530026,0.3722336463272427
0.32713673899112,0.5567633816094808,0.31661400338159806,0.5628138963828505,0.32423994226486097,0.5584553419379639,0.22250882936324215,0.6062126111805727,0.44705679380761654,0.4659872661451413,0.52860547451709,0.3709179982280864,0.616001633122471,0.19376763684737747,0.22993010362227825,0.6034368703909441,0.6022866500691415,0.23292638375130473,0.5634906104678223,0.31540805476964207
0.18609918539084047,0.3632223637898751,0.18730167842435233,0.3626037418721149,0.13166765942691594,0.3862991325660419,0.17203533558516076,0.370090847860819,0.19849357274454002,0.3566001878004929,0.36942070098488783,0.17346970353370902,0.3645933577268564,0.18339868009801838,0.17142923513828404,0.3703719882768427,0.3766329609728989,0.15719734434469826,0.3786011324345606,0.15239611175980539
0.1446377645893347,0.4853570110466264,0.11812650038340992,0.4924811072769016,0.12588417593834195,0.4905554865311766,0.1481282608712306,0.48430313797122915,0.15662327186458266,0.48162294570332487,0.48074779036775167,0.1592892751381556,0.485104272748499,0.14548318005413766,0.1497348403557709,0.483808834872976,0.48179201309071207,0.1561024254760761,0.4796013078367452,0.16270862496745017
0.2995148910875093,0.6061750930503897,0.2281762163274839,0.6364691883510816,0.3134885068516351,0.5990679172595904,0.32601160847665683,0.5923460513553495,0.23086506703914653,0.6354988074251765,0.5934127034610982,0.32406600683935044,0.6032505007888873,0.3053624841328219,0.21422999130922274,0.6412978436276404,0.6242986497643432,0.2596316801167168,0.6302037531057633,0.24495028677105346
0.26445524429787337,0.46451463713165236,0.333792657620664,0.41748399498032585,0.26505542485860223,0.46417243142955444,0.27226273014896873,0.45998198890611836,0.32536227823982505,0.42408703380885066,0.4599862186015967,0.2722555840433812,0.459858318987798,0.27247155962396363,0.2770137136302627,0.45713655159806393,0.42812838318733454,0.3200257987344105,0.41536629013720217,0.3364242401549807
0.1681941714182789,0.4816721782342492,0.1847457617622637,0.4755695218313392,0.19703961698705375,0.470608920359148,0.2354409071045314,0.4526200899714938,0.22608654458558664,0.45736445089376726,0.4340053375551097,0.2682102413363124,0.46193871983936496,0.2165871318827053,0.16386491457872665,0.4831621429231748,0.45415489952100796,0.2324665434531834,0.4696027872366745,0.19942564730634402
0.1779129699570228,0.4932892419357707,0.2139748977934361,0.4787505030835836,0.1785017834252786,0.4930764792630964,0.21640609340537895,0.4776564705157026,0.21907034360121805,0.4764404324183035,0.47636463808663926,0.2192351082036839,0.4759902171502855,0.220046845616382,0.18728310315434404,0.48980847314167103,0.47073218499479635,0.2310811785899505,0.471782320910667,0.22892955852104427
0.3024495607949738,0.5386904405836553,0.3193846085895467,0.5288256795933678,0.2757714290002458,0.5528229793961605,0.30201148875547495,0.5389361634377368,0.32523939100146865,0.5252451486137488,0.5382196230920753,0.3032866052431424,0.5549902047697105,0.27138349288591607,0.3060967466639943,0.5366264150067566,0.5175802684016946,0.33730371086383726,0.5163664782892974,0.33915894164888805
0.28107577342094164,0.6252019650187716,0.37133351465365,0.5761879106354812,0.3560349762466216,0.5857646141212197,0.33266754604685855,0.599344134262341,0.378246868836287,0.5716733277695039,0.5990446004014467,0.3332066238798157,0.5962943945232742,0.33810365648368207,0.29322593929505464,0.6195963492404122,0.5861545213772947,0.3553926906064169,0.5883852446389584,0.351687206703154
0.2556222359690135,0.5842719366389126,0.2776679775222578,0.5741227375085248,0.24084869610584508,0.5905153080570374,0.2678948091984151,0.5787476087813481,0.25943372806187937,0.5825895332131349,0.5791313104847177,0.26706431562797217,0.5798976582793826,0.26539617440285757,0.26560813898158736,0.5798006036322498,0.5783815595205439,0.26868419207718025,0.5739143275701922,0.27809848628721034
0.3651907458154728,0.5721040766134102,0.36940071288310583,0.5693948266610763,0.3228367504149833,0.5970291348740342,0.3752453410399888,0.5655601553634471,0.31024343191664516,0.6036690883750185,0.5824820312290323,0.34839925172457625,0.5560565299974087,0.38918953063280726,0.3530150002293659,0.5796962695412182,0.5745553922480047,0.361321818529805,0.5653904254369168,0.3755010281360175
0.3596348487570462,0.6821999220022688,0.4198007772822707,0.6469167376205429,0.34952262967249964,0.687435734717963,0.33210199196239404,0.6960188395115573,0.41419129585732606,0.6505225041890818,0.6966362909952567,0.3308048308123344,0.6898110605515559,0.34481104791050804,0.3400286604404165,0.6921809504020613,0.6792534562538323,0.36516941299570554,0.6212218081918618,0.4569654506056653
0.17597682472574108,0.3823389023361044,0.1926065010778595,0.37423737763974874,0.17737864716942894,0.38169057442970034,0.19782863575805856,0.37150331082540405,0.1926412971862474,0.3742194672896258,0.37120558995905745,0.19838671594459015,0.3725661664072384,0.1958196382611952,0.17305376697938585,0.38367078702238433,0.38394082172159544,0.17245383294052188,0.39050304591820933,0.1570294565001492
0.1810808757826065,0.4036979142875754,0.15189292464250728,0.4155608607868166,0.16839544479029145,0.4091518834714246,0.16715378732775468,0.40966071444101415,0.16693907673837147,0.40974825714342517,0.410279641245536,0.16562881860886605,0.4199257794639112,0.13937226881973683,0.1551466632158493,0.41435709535052273,0.4091773131884177,0.16833364472452286,0.39889582388539463,0.19142730019808196
0.429886145307419,0.6180430176730992,0.4301465887321978,0.6178617821356128,0.44504595299493616,0.6072177281211173,0.33093344450158735,0.6762117456330204,0.4845530238612849,0.576183683115573,0.6501888947902214,0.3795176816871811,0.6665969111487021,0.34989688147903136,0.35564043126816675,0.6635504150169258,0.6560568644027925,0.3692812753061247,0.6334085003521367,0.4069065510696519
0.3030158666765438,0.49791660885466726,0.29369587821580123,0.503470253292206,0.34402151906807704,0.47051966935417416,0.3447227421634683,0.4700061657748414,0.3929158879824824,0.43053068392625166,0.38377879918542895,0.43869510839176096,0.46435538582106,0.35229765893352627,0.26525506854025066,0.519017642710511,0.46142724693185944,0.356124220771283,0.45928930893571224,0.3588772708439817
0.3397402256254071,0.40670872711545086,0.34436341842729284,0.4028017448682938,0.37554350191039104,0.3739017087320583,0.3078235133526245,0.43137002010700676,0.3785094165250414,0.37089895014915525,0.40893812329068496,0.33705343929318593,0.3500901580128518,0.3978345018753518,0.3438777281062887,0.4032164651056926,0.42180405829323403,0.32080639960454477,0.4254132330635913,0.3160047321706676
0.24756743837447373,0.2927724203763149,0.25333105481250134,0.2877997625848394,0.20055506487393793,0.32677667087739765,0.2627891456858432,0.279190242641123,0.21600108580669836,0.3167788780942186,0.282968508356307,0.2587163503818634,0.2906140785929054,0.2500975489681998,0.167723983436684,0.34478107844897093,0.3004449900596833,0.23819767972073386,0.2779808577604009,0.26406811506710964
0.22480061317081487,0.3941602817768366,0.23550808641650262,0.3878576860715882,0.21905653163923014,0.39738127706091103,0.19894153762438638,0.40782337846182193,0.2129455774403187,0.4006891868530754,0.4086747620957047,0.1971866685108016,0.4129990566338137,0.18796122640573903,0.1583760067262456,0.4252230989796036,0.4100871423436933,0.19423228129420966,0.38665635654778246,0.2374752731413603
0.30338723759560876,0.3628453010816529,0.2482634456484296,0.40257395594809525,0.24804031298685292,0.4027114743663431,0.2564675678628971,0.3973976787645092,0.24400054572459187,0.4051718920890627,0.41463278970010453,0.2275525832822793,0.3840108855819222,0.27610897886073466,0.2593634009936281,0.39551378569899204,0.4393157038383387,0.17522054906304468,0.40101908248571494,0.25076727046256475
0.16455337834518521,0.5075854929968442,0.33193761118630805,0.4177777750258987,0.17438171003265016,0.5042934326676798,0.3448845608253622,0.4071553594513525,0.3535562636435838,0.3996483647708967,0.3995743145429263,0.3536399499253635,0.42067187983620913,0.32826211560387686,0.3334247031694274,0.41659190383640704,0.3968286282275165,0.35671821770794165,0.39755757024145433,0.3559056411036135
0.39608602151750727,0.9070396862955273,0.6834269631320249,0.7159139019608388,0.4770238995310998,0.8672100831014357,0.6831232525271684,0.7162037076232979,0.6951755190474195,0.7045112679537543,0.7094433984078415,0.690141430007059,0.7198193013073764,0.679312374701077,0.6028197032151107,0.784992697018451,0.7131920681287036,0.6862668598402215,0.6999264250519797,0.699791489281351
0.24774946742078685,0.4866547493414139,0.2107538292222183,0.5037811698863008,0.2155206358189495,0.5017604001912005,0.19965166826451552,0.5082832429099289,0.213312199151957,0.5027032418403463,0.4978401944667429,0.22442768197607355,0.5141511853890475,0.18401413594307184,0.19940928193890858,0.5083783846117446,0.48648457383223664,0.24808345992247255,0.4777523749562802,0.2645095686123127
0.2657072225512055,0.37757732392960264,0.33699436735320737,0.31559429658016236,0.3266755460074003,0.32626377565166936,0.31196208857961266,0.34035954364577736,0.33138026924613895,0.32148418439492843,0.3399882115997874,0.3123667390022409,0.34872537852111013,0.3025815163505934,0.20031899797393546,0.41597747861204504,0.33123828403048405,0.3216304756304295,0.3063719196496453,0.3454000731208771
0.4284546066113441,0.5391502609970573,0.3858102296639754,0.5704444061837292,0.4288500853308072,0.5388357432199873,0.45024290105894205,0.521092778596772,0.33625911857644913,0.6009876529795485,0.561865834312299,0.3981998720394331,0.5452882909345209,0.42061506586115766,0.3630163473498222,0.5852140509390303,0.5927906385979103,0.35050764991702893,0.5361008471580759,0.4322640807840389
0.22426908596258652,0.5543839810914779,0.2966465195463974,0.5192678151496961,0.2871447892067587,0.5245818253053914,0.3089681174863833,0.5120321511255427,0.3065931303971693,0.5134577624328943,0.5114008178833445,0.3100119753776885,0.5160577650600903,0.3021963013183894,0.239484204456491,0.547983154143603,0.5214728620507839,0.29275292578195394,0.5144787239261877,0.30487680140773543
0.2428607229422311,0.5649668071492632,0.32207929433859317,0.5238642496742928,0.2852535159210521,0.5447928556645488,0.2864572228526268,0.5441608984519343,0.34661159510243816,0.5079657725368898,0.5311201929212237,0.30996800576797934,0.5409716506088859,0.29243545812016947,0.25345674516152655,0.5602932288191432,0.5269297317042945,0.31703924327202154,0.5069321733022085,0.34812152418308684
0.23339170153606612,0.4981503084479722,0.3264508296757154,0.4427812913355159,0.29771527974392936,0.46259164320132706,0.3434658253467507,0.4297169335406569,0.3305715302493324,0.43971340614236987,0.4302384617874973,0.34281231330195566,0.4322622291454623,0.34025693439944144,0.3021019690535727,0.45973885679444604,0.4201129374202371,0.3551486110980162,0.4202666234708993,0.35496673273573015
0.19063023040210583,0.4174056189116431,0.16454134127186928,0.42836139234836046,0.17287652427100175,0.42506592759023804,0.11868387290360506,0.4432623080691304,0.19945521624974036,0.41326136058545454,0.44157921762825403,0.12480036058037164,0.4328806418835609,0.1522553293801174,0.1935509313914002,0.41605933759464314,0.43546446330055144,0.14469981563407197,0.4400445706883858,0.13010807526762497
0.2191110533350999,0.35456878343867115,0.26310801177304993,0.32326900566498623,0.21714381549775508,0.35577695157763267,0.19170579238345312,0.3701048027916264,0.2851345163521318,0.30401806437682644,0.3606264818558788,0.2089909482897472,0.35615134135068777,0.21652920804570952,0.2117291249092401,0.3590257004003525,0.35055542954489094,0.2254763107277421,0.33229898285445153,0.2516069591181715
0.2862819731820243,0.3789699431369946,0.2654125772844141,0.3938676805597219,0.24098020540432635,0.4092726799745359,0.2238424815231948,0.41889154853707466,0.27634175184324183,0.386278166815649,0.417422277684271,0.22657058075382505,0.41184633223716227,0.2365548236520387,0.20581811765938185,0.42803561582349553,0.4212366696566524,0.21939747971848378,0.3890248232872206,0.27246150707319555
0.2532334850850547,0.5223499237136602,0.30379564335396275,0.494656292642822,0.2362665901311131,0.5302402655021645,0.27280918650254615,0.5123980762374195,0.3293890476159858,0.4779952887661375,0.5127149742861868,0.2722131442724692,0.5262915923689575,0.2449363194255527,0.3326942061552191,0.47570075253539157,0.47026817556214634,0.3403299631613995,0.48709380172491223,0.31577882939355056
0.17798737515481802,0.3914948327675922,0.2434563913142369,0.35450909061189967,0.20296064054986104,0.3791499547485362,0.2087076617500013,0.3760170497797593,0.24695492805935215,0.35208091868976243,0.3786309749930438,0.20392717958635118,0.3644791968361342,0.2282599940241685,0.19735565267073787,0.38209744327479345,0.39729288484692327,0.16463922208342796,0.3931274528676017,0.17435170088088772
0.3181153810590394,0.5975815243857373,0.3610244240554315,0.5726800495817568,0.2733388391105532,0.6193439698481084,0.2925776787494303,0.6104910939981963,0.3773775356820483,0.5620384946923688,0.6104376388217946,0.2926891919138658,0.5761772679022391,0.3554164176093034,0.3711703129154671,0.5661569329821492,0.6008667921889134,0.3118656313192023,0.6113945706048589,0.2906849720718628
0.2651921448725417,0.3599019258476981,0.23349264089421443,0.3812314999829192,0.23223039003496188,0.38200172234584306,0.16108863122985007,0.41702124984162914,0.29427850366661173,0.3365359300442095,0.41568979363436454,0.16449396766812002,0.4135043711596629,0.16991293347721617,0.24417654244637937,0.37447841867043896,0.40532201092629633,0.18860100050011516,0.38553918606529947,0.2263090938055462
0.4132367085806473,0.611895218971102,0.4354649572184457,0.5962806447915251,0.4119653716294931,0.6127518820015434,0.40598267021344897,0.616732038899081,0.44665756115289845,0.5879433300779969,0.6128159911958426,0.41187000042843214,0.6247857474759839,0.3934756740500431,0.4421139879951906,0.5913675320283048,0.5463739344189971,0.4966446014060408,0.5446658830569042,0.4985172134962868
0.39096986757223595,0.7137290169978363,0.4940275509164166,0.646686420137053,0.4353415613678107,0.6875640130198688,0.5310764311840614,0.6166233625925556,0.5192154273344295,0.6266433491804371,0.5683346033264831,0.5824622955315465,0.596346377488895,0.5537486298944874,0.42534754702229455,0.6937910429634173,0.6427684996734053,0.4991144186273816,0.647775680132622,0.492598432075122
0.19212749994889253,0.5474601175995025,0.24178712983928008,0.5274130643459222,0.23786149171381823,0.5291951127498722,0.23170465250383113,0.5319196467576204,0.27789615492888026,0.5093125599024793,0.5286601406639119,0.23904813798037772,0.5302712573995012,0.2354526495383408,0.23758311443930277,0.5293201491838319,0.5182288593506893,0.2608915597231084,0.5223854576356013,0.25246581996285394
0.18418150864195643,0.6439438956039362,0.28321425515282217,0.6069400748751331,0.23686818945481775,0.6264822660184378,0.28733621286293576,0.6049995616434658,0.3145434781657009,0.5913112286728734,0.5962898172139177,0.30500003721014957,0.611658255361825,0.2728749667135636,0.22817054314113183,0.6297021296246988,0.6094650657522432,0.2777389105595647,0.6008750325468937,0.2958644352959131
0.2794401879609502,0.5998707517087132,0.2707147518543366,0.6038586428392599,0.2843471574849988,0.597560399820327,0.27067281651788955,0.6038774410437111,0.29255138932488794,0.5935869119238611,0.5900168165941425,0.2996863252458174,0.5950185097313065,0.28962857331479386,0.2391735171004494,0.6170314142092191,0.5970118524111521,0.28549708489550757,0.5905698230259949,0.29859507955469217
0.2029190610175274,0.6177598422128642,0.32664947960790774,0.5622308115418265,0.28501558480055894,0.5844394617031718,0.29328287501562905,0.5803348371394438,0.3320446481329886,0.5590614631874903,0.5778805018562401,0.29808974076522315,0.5769722013442715,0.299844037544593,0.22493542485891777,0.6100880449727203,0.5730063744920022,0.3073549458958309,0.562216931620066,0.3266733686341999
0.1515495857168905,0.5022954336511887,0.29748745885279976,0.43216801295688306,0.14518194023661926,0.5041727718024126,0.31004921398687396,0.42324634021325985,0.30755865204401733,0.42505959011727285,0.41687774173200615,0.3185607132811887,0.4260952359999518,0.3061222459344342,0.30362981538461786,0.4278748821878888,0.4200879738221688,0.31431524596777316,0.4265517124341124,0.305485869095975
0.23369379392086026,0.26285611858319236,0.22078731863573,0.27378657440311316,0.239310029038962,0.2577534449723571,0.2210644004638791,0.2735628981446359,0.25237847995428375,0.24497189889804089,0.2628613500529345,0.23368790949061832,0.23597849404386367,0.2608069760235277,0.2370472952593761,0.25983592554525814,0.25743130308928214,0.23965653044200763,0.2771555551334564,0.2165431288506111
0.22485661024784726,0.5818179950729561,0.2658983766707617,0.5642435004913395,0.2347403506882465,0.5779010662056487,0.22383542630094688,0.5822116251806897,0.2880603599792945,0.5532575381966935,0.5734266163307856,0.24546810433596572,0.5751617305517308,0.24137451868746393,0.2226201065870272,0.5826774087829794,0.5699205293542858,0.2535020015372604,0.5619836925839699,0.2706418368112229
0.2865511922428861,0.9858303496952052,0.9250753284482355,0.44520635760552585,0.8043075205556894,0.6380144798776508,0.9523316918727849,0.38345457724574,0.9233642697570557,0.44874434758781034,0.3809084977970839,0.9533529149595961,0.39186553439953137,0.948901716251878,0.5456095700874922,0.8696454801727724,0.404752762551614,0.9434766904183839,0.41777729856345774,0.9377820604815437
0.1649780135689504,0.521536125891783,0.223863519649288,0.4991019937263319,0.2567553444544837,0.48300555759269065,0.3197340777537257,0.4438330712039618,0.24936907355377186,0.4868600833158333,0.44300559222927594,0.3208796048753412,0.4960371349033632,0.23057501245414522,0.17323125986923213,0.5188531643687693,0.43166689830924,0.3359782202397155,0.44118682582580154,0.32337572619032556
0.2359110154208933,0.6055580748270999,0.2873167532027533,0.5829268157446942,0.3189393460326959,0.566244013423062,0.28081291833936145,0.5860876163842328,0.3048347047552938,0.5739602703689284,0.5826136818934264,0.2879511883215726,0.5740747090510402,0.30461913533654467,0.24620533103607714,0.6014461938982042,0.5727712704183363,0.3070629592910639,0.5822330575637275,0.2887200302459352
0.2566169753508304,0.5640576573945825,0.2470403515775688,0.5683171452596728,0.31953765189238337,0.5309510353382644,0.2627900371533317,0.5612082583824151,0.2583051993892905,0.5632865495217614,0.5580757787946923,0.269378429029443,0.5619553991974457,0.2611885185388368,0.24195553102127662,0.5705005117542709,0.5413342280565868,0.30161327298057045,0.5535540461211413,0.27855202552949826
0.19606646273324496,0.5428313868891428,0.21372624736288695,0.5361241121129465,0.1759963724380621,0.5496664891453363,0.26582945839026173,0.5122915883094874,0.2403304509823595,0.5247373121203913,0.4971489926851809,0.2931737564531096,0.5094600015823179,0.27121666465846433,0.22220666210303924,0.5326651590987934,0.5114909773329949,0.26736670044651223,0.5108134254952045,0.2686589226781281
0.12893251645234646,0.4940653775546322,0.3663475718835429,0.3556875703085057,0.27407989743858235,0.4308182922265395,0.36276009126494896,0.3593456654565096,0.3869855463179944,0.3331161629790712,0.35566953330062745,0.36636508318704397,0.36573891079846327,0.35631340169138953,0.29935197556934917,0.4136575707268798,0.35375416048769603,0.3682148625932707,0.35910758400784853,0.36299577711728526
0.17559292250014696,0.7270031475516644,0.315171192128561,0.6782577464610571,0.20744040468846123,0.7185644922238068,0.328663044360052,0.6718236779499159,0.3280212188043376,0.6721372858250662,0.6735080432676747,0.32519742716681815,0.6824942709766183,0.3058889031433866,0.31627170636599145,0.6777452757006234,0.6673549009830829,0.33764461659565886,0.6705022964100124,0.33135045117076545
0.3117500823559836,0.5643412948643355,0.3060821254714162,0.5674354090158787,0.32920936313722243,0.5543378087059386,0.22162398931638244,0.6054353956431763,0.33191049659944505,0.5527247354562913,0.6012367994833022,0.23277354206436976,0.6181288521897322,0.18326465297138333,0.23881238983596315,0.598863802044299,0.5989629052812816,0.23856372112105373,0.5633382678200312,0.31355893696025344
0.2867121541957627,0.45675078557703513,0.3372174553700543,0.4208438276636108,0.34996492530488704,0.41030438767475824,0.2793950852232434,0.46126296821001145,0.36214966238607493,0.3995907425384945,0.4490760525687367,0.2985897494859707,0.4815288159776987,0.24280679329855884,0.28062732969518267,0.4605143225969902,0.42902042753412967,0.3267516063422583,0.41304441182190244,0.34672677045695827
0.3596318307995192,0.698524380432175,0.30823144245934736,0.7226788648229571,0.31473471651470203,0.7198704202860249,0.2748919121865248,0.7360066578481499,0.34341322319492934,0.706639032262751,0.7307006105522117,0.28870050488524074,0.72767591282917,0.29624167443255195,0.3800498088928617,0.6876289017652378,0.7069316079889355,0.3428105386486037,0.6990409434045405,0.3586267185061062
0.26072455617315754,0.4086960432435731,0.27959997096023087,0.39602222941860293,0.24798666788024493,0.4165481514882711,0.1949455196568646,0.4438535730625107,0.2692729317027822,0.40311516742344405,0.44624760247786216,0.1894012334632551,0.4447319668457117,0.1929332206235808,0.19972835056324045,0.4417220120572778,0.4451517841451465,0.1919625979899091,0.4181447006101718,0.24528505724212463
0.3488648398444185,0.5287233022460234,0.29919649159869594,0.5583336513525251,0.358683036974155,0.5221125221679791,0.31636782773463185,0.5487863012066553,0.34151050012293144,0.5335031256922463,0.5277077382663166,0.35039912926755423,0.5443928004344891,0.3238695503635777,0.3410513839854358,0.5337967406225242,0.46731195877711523,0.4276383284991036,0.4619728346662243,0.43340063088101854
0.29341774720387287,0.29821138829046023,0.32449983072230093,0.264052771887586,0.2625980017223846,0.3256782092368631,0.333833278639436,0.25214945677745204,0.2155315175567203,0.3585668297821435,0.2659997700378508,0.3229057584189696,0.26728832008146153,0.3218399608941526,0.1273185569088899,0.39851473190706166,0.27795971941327585,0.3126697952537348,0.23433089664403003,0.34657327848281144
0.21518529685772314,0.44451174439014496,0.19536325612484964,0.45357314850067176,0.21597993310340702,0.44412618857838576,0.17940350850249404,0.46011931498418057,0.19246552226995875,0.45481031828869933,0.4593066658714458,0.18147393633955286,0.4568494925109951,0.18757383633375488,0.1802077436370578,0.45980492822256314,0.46329934500794007,0.1710237404564926,0.45507555172825187,0.19183754873262723
0.360382237980998,0.584725539690498,0.32229119457022437,0.6065539548309241,0.3500911017228967,0.5909446122209638,0.2238989292593493,0.6493447340935735,0.35452114563657866,0.5882976045464274,0.6470150794311426,0.2305445753151636,0.6313103993777264,0.27060394279476513,0.3421599291006561,0.5955719076118104,0.6168499281238131,0.302118321841267,0.583993079548953,0.36156797045295247
0.327103377204897,0.5953078557426231,0.37428958306016963,0.5668292251643111,0.352351363449026,0.5807207411168825,0.33763677392206376,0.5893975495225868,0.3788360025157861,0.5638008031970053,0.5790659146225515,0.3550644012148738,0.5756700256836941,0.3605441498860631,0.31225846313918365,0.6032269180712048,0.5751591104662348,0.3613586309131394,0.5500466589611959,0.3985432667269072
0.32530603376137884,0.6246169324838087,0.3986132418536378,0.5805840261030056,0.3457753245002974,0.6135224143531809,0.393997487272961,0.5837262268989077,0.3691747928968027,0.5997335243561469,0.5901481552005724,0.38431170013467364,0.582585624816676,0.3956820917150604,0.2943800057585253,0.6397739758357266,0.6016449772201806,0.3660514299012784,0.5662115023667549,0.418777820012742
0.10248261543599768,0.4561105739561395,0.11073974320956442,0.45417645405181606,0.09112879277250528,0.45851399680819716,0.15520364282192925,0.44096640619893557,0.13482836356727437,0.4476168612987815,0.43929513397891634,0.15987284761224324,0.4482820174711367,0.13260005638463773,0.10617820125662565,0.45526446349249483,0.4468658296358255,0.13729702271020658,0.44600798532439195,0.14005862761029247
0.3755012285028182,0.6188249974502206,0.4548775363821199,0.563055927036848,0.5119649378143165,0.5117005496627635,0.4577621099648019,0.5607132963975117,0.4906087874205818,0.532211018095358,0.5761894768757304,0.4381223993521254,0.5697359467617867,0.44648236364255367,0.41138570598924323,0.5955731281581826,0.5641154565721187,0.4535628972180389,0.574581662800421,0.4402288755294165
0.3862283275121857,0.48348454102017574,0.43318774728325965,0.44190270194014986,0.311006738342947,0.5349807763683027,0.3619561430753125,0.5019137105802093,0.47008614252458675,0.4024284296427181,0.44703953987769324,0.4278846481988931,0.5191497809488334,0.33676865548790097,0.34462358113721336,0.5139690746557741,0.5001961840521624,0.364325952737388,0.4485327475349534,0.4263191255000131
0.3072701616413452,0.47501741819041393,0.3183682590083964,0.4676517416575583,0.32474261233599677,0.4632480281151529,0.34255416676818,0.4502367628805348,0.3181473193192334,0.46780207676898017,0.4330537238636399,0.3640343006740153,0.4755354524505443,0.3064678340087932,0.2574039921556522,0.5037853557237626,0.4840075211227262,0.29290479565213473,0.4567425901226577,0.3338303554014089
0.32979678171609667,0.6846704415810588,0.2631074062861986,0.7129614460561285,0.2903661009099,0.7023012588964074,0.2748307922689073,0.7085249229391593,0.2892309758051256,0.7027695023547277,0.7072591391199208,0.2780720067472548,0.700899974267297,0.29373245799059927,0.28253607061241565,0.7054877033712159,0.7151963454330192,0.25697026731579337,0.7085447783094171,0.27477959883433095
0.7762102824440366,0.9422110507024365,0.9063564834177918,0.8177909216934207,1.074706207756308,0.5790255898038492,0.9092782241461859,0.814541084127252,0.9005860902633434,0.8241412261632259,0.8181564781730818,0.9060265138841467,0.8006828397556293,0.9215047784783872,0.75563997523268,0.958786886887798,0.6356050804717965,1.0422428931473133,0.7216439989916145,0.9846288668107549
0.2536431466531096,0.5598683143803462,0.2616607340892036,0.5561663739629358,0.2474983412944303,0.562611718992492,0.24926914617145202,0.5618293940851941,0.24798690165156817,0.562396543286351,0.5604037396961009,0.2524579644729115,0.5597969256603941,0.2538006645230709,0.20003535537671485,0.5811826149245111,0.5681885464539882,0.23441235242556055,0.5702396510787281,0.22937767029244913
0.29663378905956667,0.7548496113198284,0.6578099312040802,0.47442136854363437,0.3724959964255077,0.7204417208688706,0.6369842915028402,0.5020364059509591,0.6656564502459571,0.46334763490006425,0.48558101770593765,0.6496157447023566,0.5061113826515571,0.6337513778068342,0.583702131635277,0.5630997798312173,0.4843241214326103,0.6505533690021609,0.45630922548072855,0.670500880881382
0.2715061977641313,0.6069155393484862,0.3019539284767951,0.5923562377526128,0.24622014999945036,0.6176064483643671,0.2507204116463849,0.6157932790400256,0.4178548763391272,0.5171647606388241,0.5484940866379662,0.3757876052375633,0.6248626744809928,0.22717553866440027,0.2811516062801663,0.6025079763895925,0.6038097937086792,0.2783447868175041,0.5841490892738703,0.3175404365234566
0.32422174230821105,0.5403425618528026,0.44562421016936526,0.445543360006578,0.3982988305729837,0.4883112367120129,0.3852834781788237,0.498644626740778,0.4579735769762589,0.4328394911818843,0.4974815306818265,0.38678411157322473,0.5013255389596897,0.381788588516994,0.3562198142877008,0.5198050271436953,0.47526882639364154,0.413774534007873,0.45738476586823856,0.4334616456927631
0.22271912815116424,0.530207282899416,0.22309559670318274,0.530048986052843,0.20989747508116005,0.5354125725443416,0.2715527970839458,0.5069345631142953,0.21367815561609466,0.5339149920132419,0.5048725855266663,0.27536747314745647,0.5051390606419262,0.2748783409033687,0.21840769340827476,0.5319977935518841,0.5121475446165622,0.2615883510923651,0.48638042651817803,0.30685119127028215
0.21750410466858522,0.5586777790629961,0.2302841941151118,0.5535323715079348,0.22662183366077995,0.5550418370489476,0.2863847135009217,0.5266998122644813,0.2606074669324355,0.5399191092612895,0.510854572737928,0.31377779060856714,0.5304563701733331,0.2793652371161746,0.16692100779593244,0.5758179169866418,0.5329219660177009,0.2746326173313601,0.5136798869270758,0.3091308301238026
0.22751259516622444,0.7195321927375747,0.6060134414442411,0.44970686689655986,0.4983445564153185,0.5666932683879633,0.6000377652642758,0.45764968873764866,0.6076610874572218,0.44747799961039364,0.4563797002561537,0.6010042649924509,0.48106175872740653,0.5814362747843544,0.4233773269092221,0.6246920812722172,0.4558454443319559,0.6014095844154917,0.4550938226711632,0.6019785460558879
0.3023443343126177,0.5406815722537962,0.3568382645879636,0.5063744780215799,0.32954767276276936,0.5245445552499993,0.3441479822118892,0.5150833188963337,0.29468543951873216,0.5448937059660615,0.5124511626889265,0.348055261308523,0.4897720284887891,0.37930465219366044,0.22420200257892886,0.5774791088042709,0.5020585772265825,0.3628854421149968,0.5041577939059682,0.359963300781683
0.364427222871587,0.8048284959614888,0.5797055814070485,0.6667064928190254,0.5715744538194119,0.6736903980483694,0.5052541278539949,0.7247581492939754,0.5758800147985242,0.6700136694405426,0.7253446029540958,0.5044118512157446,0.7131108436946637,0.5215640260664209,0.3459592994976316,0.8129380491603512,0.6864198483956337,0.5562228873482685,0.6766594728051377,0.5680563938066383
0.2847579497035038,0.5705879547668088,0.2935925940836373,0.5660928305000458,0.27613203549460635,0.5748119718811696,0.24882520230585273,0.5871488080050614,0.2838661800517187,0.5710321320794113,0.591026362144118,0.23946929509856357,0.583377975043698,0.2575419233410891,0.24112675044292065,0.5903520934706258,0.5891835989500694,0.24396801178137426,0.5729923049148878,0.2798884108937653
0.28529023656781266,0.6156982988507144,0.3071816653898835,0.6050738291620947,0.3052534755312217,0.6060488676374967,0.3071768873263103,0.6050762548481814,0.31715705944375255,0.599905254130662,0.6055865486329056,0.3061696366452226,0.6065121434520745,0.30433194727756135,0.2701600074151343,0.6224857305047535,0.610863513530723,0.2955007311758843,0.6081980811828853,0.3009485144240432
0.20077348218069824,0.5294848548688835,0.2289037956980252,0.5179452239354299,0.21490177186086576,0.5239097547608236,0.21157634539686623,0.5252615089181691,0.22961789078600942,0.5176290437306142,0.525189797321939,0.21175429032590212,0.5328571022551064,0.19164423095615732,0.19908147484265856,0.5301233526802586,0.5258358358932903,0.21014489375878398,0.515921518769986,0.23342919515895366
0.21013114058846583,0.3604904400302855,0.2032783874184597,0.3643986152646427,0.2002175575568929,0.3660893104751773,0.16266199285335634,0.38425190914192364,0.288926754228458,0.30104781063686,0.37025894377186036,0.19239742242344318,0.39292264330487714,0.14042880750240233,0.23335364466857442,0.34591115928534477,0.3775839704120623,0.17759166333502624,0.3680356927725822,0.19661684170905594
0.27801518540266196,0.41139306729871655,0.3082462736107577,0.38925689967039084,0.25913172232134396,0.4235415559572599,0.26322567247853057,0.4210094351486059,0.30971923753016367,0.38808593512218,0.4267018458405568,0.25389413914500775,0.442928017145232,0.22439133397641695,0.3065890347236359,0.39056351970345615,0.3879018829486731,0.3099497190526178,0.3764744850429881,0.3237339358910953
0.20193012227551962,0.41884171170011003,0.24486556563623765,0.39527839367682344,0.2422044676622152,0.39691453687985195,0.2060380896704422,0.416836250039556,0.27307999108331743,0.376339570351059,0.4138793759373118,0.2119151148828837,0.42262542271725306,0.19388632188771748,0.16944047083787725,0.43300586668580243,0.416959062906189,0.20578943996832574,0.3961273254449224,0.24348982684690743
0.20993742631896972,0.5619394690928866,0.3388118136130582,0.49503155944854516,0.27245128287561915,0.5344342694413013,0.3264837623535268,0.5032474965792816,0.34741860851638057,0.4890296518109818,0.5025686612704994,0.3275277554690689,0.5092443540520033,0.31704869935072444,0.2953563720463441,0.522124796754042,0.49042444842795346,0.3454468848867591,0.491851614619602,0.34341182141842275
0.23455199095441678,0.4797998782070467,0.22750289201718135,0.48318215375983875,0.2479392639955704,0.47302080393732426,0.23370090349747064,0.48021500111163085,0.24771993298968853,0.47313570398751553,0.4806306953801415,0.23284478574058584,0.4751690908799696,0.24379683070228975,0.2002103975321493,0.4951144880814906,0.4852572082841003,0.223042599959064,0.4771198316656432,0.23995671655431117
0.3223042344663758,0.5526142893754881,0.2675652230376422,0.5810950213155754,0.26007453722394797,0.5844859343599994,0.22860092851762445,0.59749827435551,0.33808847703047273,0.5431010532821197,0.5776804310533166,0.2748597677998485,0.593817867748888,0.23799771494511526,0.3058844242361404,0.561869461162161,0.5804389289032617,0.2689855427166422,0.5696301683769056,0.2911769971200172
0.32107774438455283,0.5132553314705756,0.37883952385180014,0.4722314775507707,0.3797697326957162,0.47148372543521266,0.28773562597720526,0.5326632733402488,0.3996272536700712,0.4547746819537773,0.5252038639500912,0.30113594025611884,0.534480750872118,0.2843453536972595,0.2798828709101082,0.5368310085987568,0.49221968222211826,0.35247941451267717,0.4682061619776165,0.38380326094007156
0.17349076697810067,0.42603660398425053,0.28327109063206096,0.36244133783718085,0.28429371599223113,0.36163976165296224,0.3002889268913263,0.34847208575083666,0.29279889597381586,0.3547887268186481,0.3478538327823824,0.3010048922853067,0.361735933790214,0.2841713362850037,0.21025137268487223,0.4091461773562228,0.35927364550050167,0.28727805661042505,0.3490570507687137,0.299608760669194
0.4737560908854323,0.48606665872351423,0.5072965033858663,0.45094998395183594,0.37164401249278206,0.5679668637798795,0.46972525075614957,0.4899630794006418,0.4658720124690137,0.49362829980842715,0.4002070926439902,0.5482152071688016,0.4603236650589122,0.49880632890974597,0.3773634542497569,0.5641829967044194,0.4524029951535051,0.5060011465894371,0.45017485574532806,0.5079844777435235
0.2516972622622809,0.6512103502646595,0.37471362544512893,0.5890807508550212,0.20491833414657964,0.6674091012660366,0.388758022174339,0.5799082964721612,0.3718543897889858,0.5908897908381977,0.5712775231999379,0.40133330737516965,0.5942634597212219,0.3664387705501585,0.361763023007214,0.5971213840642704,0.5671873274080597,0.40709331577643293,0.5661897329678498,0.4084796425820299
0.2777990867865858,0.41755862698327145,0.28629843555529805,0.41177754356716045,0.28874205879893433,0.41006775424089204,0.21754877990671553,0.45188501629144034,0.3194821130924843,0.3865989123129771,0.43308219584140617,0.25291767678990285,0.4337896726491904,0.25170232317267976,0.26624651065583893,0.42501804097144646,0.4358410310450356,0.24813330136282832,0.4107266843932143,0.28780397897696414
0.25032005483249753,0.44645473695356186,0.23687674030184297,0.45373050581109475,0.21890216614438018,0.4626702969252693,0.24560083084782336,0.4490681394693655,0.1779879155614606,0.47989818077765733,0.45425233819137284,0.23587449045475284,0.45076667963200856,0.24246930224907404,0.21052034739830677,0.46654383002126915,0.4425428523009225,0.2571726771587187,0.43773688232588265,0.26527039761578197
0.17675789871941985,0.37816753484612137,0.2047499721975189,0.3637739518662824,0.24291954059009263,0.3394762671687013,0.26965279322823626,0.3186556295995839,0.2233711299974371,0.35264624973897735,0.3100119146689619,0.2795472266622966,0.3489635973798501,0.22908174714501148,0.2092524018667805,0.36120281212122435,0.30371739536848624,0.2863735024786332,0.30710581037349854,0.2827367333866151
0.2176695519369348,0.44243628235671295,0.28764609272153696,0.4004867327741182,0.19427945199399085,0.4531946516883993,0.24372961840174107,0.42863244265897166,0.2724446313624706,0.41097909998906573,0.4296105363627475,0.2420014149383582,0.42629124124637935,0.24780168567359698,0.24122565171396193,0.43004660531299316,0.4155944160385454,0.26535104888361644,0.40606940882018167,0.2797097299102825
0.3646610300035716,0.7657113899077055,0.45209239487045594,0.7175681611790978,0.3943110656906272,0.750873080428096,0.44632957186219413,0.72116677177957,0.500586501738464,0.6846201528693868,0.6986295307287974,0.480841323339952,0.6951011168166957,0.4859280161071578,0.4338731018234579,0.728728845972044,0.7253727426576017,0.4394610149342541,0.7181882556403084,0.4511066713073384
0.444207889975439,0.8634332539758105,0.8557243820114065,0.45888279071990107,0.7972526207025713,0.5542796156910067,0.8169489987398676,0.5248161268917104,0.8454769228607432,0.47750016387182226,0.5316247487408919,0.8125347747105176,0.47269411675825385,0.8481732756753319,0.5692011476051764,0.7866687277073104,0.4539880457211588,0.8583312227397831,0.48869402186362565,0.8390564859307401
0.37810773296934985,0.9618974455328247,0.7385581892540336,0.7230103419312878,0.5405273033799791,0.8809326806030996,0.704410000487123,0.7563191817397772,0.716356131273432,0.745014125128347,0.7491467878271272,0.7120331760122502,0.7450593306085719,0.7163091143681627,0.5821686534597182,0.8539858385141368,0.7250101373250749,0.7365951766266671,0.7144271603815138,0.7468641014019897
0.20661766515507313,0.5056314860317915,0.3242621021382414,0.4395544884741144,0.26734822371262384,0.4763181568012671,0.31312650964649563,0.44755541352714606,0.30437888804603785,0.45354994403340987,0.46089503172154167,0.29313790091909087,0.448815634485068,0.3113174994480995,0.2689647331592867,0.47540722705634725,0.45303359141232574,0.3051468896661107,0.44035184485104295,0.3231784521856843
0.18753473963836295,0.5610903508494227,0.26933204341412903,0.5267370413953499,0.21381721852338723,0.5516102405235774,0.2335254706355013,0.5435600380381402,0.274337446701929,0.5241475228641486,0.5444299146679981,0.2314902339239244,0.5509706890139152,0.21545988080171316,0.20928744906846872,0.5533447605697284,0.5502185936646916,0.21737331844825347,0.5344909979596875,0.25359620164271823
0.43971401036251423,0.9114166354857988,0.43746816889780143,0.9124967372821359,0.40165613153965773,0.9288170144576033,0.39474238943088324,0.9317763360033005,0.491655956026568,0.8844790078079525,0.8852812109243022,0.4902100283896073,0.9171495172111337,0.42762770891129487,0.5183855493510724,0.8690829169724402,0.8662103708577773,0.5231713751418081,0.8678268479943566,0.5204855965821903
0.37806096886774215,0.5233542837156333,0.3618000147856272,0.5347247439251708,0.37626543625946235,0.5246466658058507,0.26101211568991217,0.5905103537854315,0.4685335495990509,0.4441915300462552,0.5565480177850447,0.3272370797514502,0.6018783155625761,0.23360713970312555,0.3353664356171887,0.5516875531731177,0.5909037513859798,0.26012027806900345,0.5566003299563188,0.32714809361699887
0.21294058538377172,0.4628032774154506,0.25078145959984766,0.44344021695267544,0.21025362615621476,0.46403014899705447,0.23627499196235363,0.4513365647310837,0.2760484519880056,0.4281679794719494,0.45091815965736104,0.23707252008886354,0.46388954960758244,0.2105636536891879,0.22586455066741287,0.4566352715700722,0.4465197130695507,0.2452564215884103,0.43595985653045327,0.2635708063955729
0.20012097798826126,0.5280578416573927,0.23746150386970946,0.5123529292848613,0.23683636720413026,0.512642199917635,0.25302623774717414,0.5048477126603156,0.28223712804970863,0.48911725947577694,0.48151160692669526,0.29502552832206536,0.5016068944468939,0.25939162170391056,0.2391090020738458,0.5115861365343002,0.486716027413752,0.28635816493583327,0.49764506752764154,0.2669136128642584
0.19252430220317593,0.5106279520571112,0.3923603641747456,0.3792886196361818,0.36416803934275355,0.4064334527104209,0.39673184099398623,0.3747137023146894,0.3821556776769114,0.38956841553206006,0.38390864630376925,0.38784102884309013,0.36719363374715297,0.4037020531238613,0.24828853883140226,0.4859622555773509,0.36862632421950564,0.40239426617842744,0.3566947048829525,0.4130077479531379
0.2944094501721227,0.7641962877541615,0.5378108126138806,0.6176021538203135,0.5695371648464035,0.5884728612490243,0.5847715378482535,0.5733368460952789,0.6717539852149952,0.4684223243139304,0.40902419934003076,0.709487205608487,0.6087927564358351,0.5477629690652251,0.349548466379917,0.7406002701993436,0.5982479570339079,0.5592604692561851,0.6150392456339712,0.5407398791451288
0.2164517681066079,0.5624824110610398,0.2541928189265571,0.5464648584087433,0.22201800741211566,0.5603086962151052,0.20964327592492313,0.5650553313870986,0.27025519860723773,0.5387021053377086,0.5653286515347565,0.2089051134448631,0.5690345170130381,0.1985888947480589,0.18877578475097173,0.5723648606974157,0.5795401428695893,0.16544199428262824,0.5645515194013061,0.21099623838162126
0.3231134938348547,0.5118314031976322,0.2751920387483009,0.5391132135340196,0.3356022536989726,0.5037309227252128,0.2795667466819113,0.5368576620922122,0.5432408031822032,0.2669515779226237,0.276231054642246,0.538581581237844,0.5542838447309408,0.24319361559816935,0.25602825239915067,0.5484735628732352,0.5407365307851886,0.2719884546664117,0.5253811836282045,0.30057998450803514
0.15963673314732607,0.38264461657454585,0.16801871732473392,0.379038915933421,0.16125390034853782,0.38196592621046144,0.14838002214449145,0.38714875460452153,0.17705897353809855,0.3749011990552534,0.3851071926912764,0.15360090917984798,0.3883590773670863,0.14518269934815678,0.16817470442137378,0.3789697322428473,0.3763119881114917,0.17404044577915886,0.3750438368717378,0.17675663944519063
0.2517550874201496,0.5464713471383906,0.23773614236063326,0.5527142877659844,0.22085874051010077,0.5596722022983335,0.16451940261559497,0.5787442642896623,0.26325855217033767,0.5410235595557298,0.5797158520984784,0.16106237335551038,0.5747447991397533,0.1779886882556848,0.2249402798262987,0.5580442883829572,0.5778874687023947,0.16750412174604407,0.5599620659317399,0.22012278846732894
0.2184566839906563,0.35931127203183555,0.20696619316689407,0.36605041712219516,0.20477409085827195,0.36728120657406,0.15828771531337985,0.38958043093846434,0.20921789549113506,0.3647681252461482,0.3902983477936844,0.15650914573547892,0.3799100564989045,0.18026719601837807,0.2139319567098586,0.3620235225612009,0.35774735493758664,0.22100846821895667,0.34385210792604587,0.24206123370780397
0.24777106673961488,0.4835593725050178,0.35185863435112635,0.4140237549746314,0.30153058194462046,0.4519949959931766,0.31056983624494644,0.4458324181410774,0.34947787101446426,0.416035318118463,0.4441217242497073,0.3130112814264052,0.4439842489618714,0.3132062498171074,0.22965501460592194,0.4924213059130231,0.4395880102248529,0.3193470674944235,0.4278675163017737,0.33488737919558076
0.37928676395968686,0.4899115802685717,0.33066166279924825,0.523960562018838,0.2831571548523945,0.5510842326288763,0.2557660428441817,0.5643186485701926,0.4703640948437856,0.4032733862754232,0.49989196868367314,0.36603254697065113,0.5680103244299516,0.24745924338614142,0.39143211228573926,0.48026316459602103,0.5147027220117156,0.34489551135088875,0.5098524563993757,0.3520259628206179
0.19680942793532077,0.5476765920013708,0.19333954696298875,0.5489111220686008,0.16410421450365525,0.5583488220929659,0.15075349389899356,0.5621005109655303,0.18847985552442686,0.5505987145026361,0.5631692282274929,0.14671067012359423,0.563312298415669,0.14616037357683664,0.16895997730383525,0.5568986679998001,0.5569054736100133,0.16893754412110665,0.5503936440903391,0.1890778593474691
0.2595668217347484,0.6354037224896005,0.3146561556321793,0.6100035485322177,0.30931913878401984,0.6127270973941271,0.2869994990286686,0.6234934747504686,0.3093223996624529,0.612725451214638,0.6272799094017661,0.2786265255858314,0.6265533177953089,0.28025660644989364,0.2519616764436476,0.6384576251426767,0.6286266039418403,0.27557470550772334,0.6143192014128614,0.30614497264300145
0.1644559435277677,0.49443830896618207,0.19665886238998392,0.4825352739214237,0.16064491808912024,0.4956896297352668,0.23398081506515941,0.46558348007246747,0.19787813688158926,0.48203655637224974,0.46262854680860893,0.23977036183127548,0.47370902701838746,0.21705933856030873,0.17137008085759106,0.49208464121714746,0.4696151562829694,0.22577998964538093,0.4771142917993296,0.20946825844449599
0.23809780361090682,0.5253992186021395,0.33718850846176507,0.46801582532368163,0.23380732784489963,0.5273225165286461,0.33086164438203963,0.4725097620884562,0.3347475101541118,0.4697648427007916,0.4653178910627284,0.3409019848123672,0.4776281935602124,0.3234288356168711,0.2776218458202732,0.5056293244219733,0.45806511051396476,0.3505870184731687,0.4588988278906424,0.3494950196392951
0.19238172099225592,0.5597223873809943,0.2371561961894391,0.5422700582886524,0.220774859193202,0.5491432773472182,0.26914044856011726,0.52712740059333,0.24768013678982087,0.5375448142687247,0.5252296028969566,0.27282547855383166,0.5306271520269156,0.26217304026010513,0.17536279268367685,0.565285563630988,0.5277736425656393,0.2678709758828285,0.5192942826465523,0.2839600773313474
0.17896574727591733,0.5423908557848494,0.20673173035027698,0.5324270567912839,0.13187399435532618,0.5557209990182305,0.21174242336751295,0.5304542631400955,0.23347456960392754,0.5212544527246837,0.5274969857319479,0.21900572864826598,0.5368821420234665,0.19486955820071816,0.2424749914560165,0.5171290531921925,0.5190453262536785,0.23834539733601154,0.5207637687629177,0.2345669974248106
0.37552369695161397,0.5097810843716106,0.3946333609279659,0.49513564949213723,0.4251584185543342,0.46918559237009855,0.36252171871668815,0.5191077002068081,0.3796517006381825,0.5067143052626782,0.5187852760042453,0.3629829725434816,0.4737244620160065,0.42009514998741415,0.37500959098739584,0.5101593943296241,0.48298588713348906,0.4094135241845087,0.48595815151265664,0.40588111058991727
0.2698830410208387,0.5476845606173537,0.3640836418502879,0.49014113835334283,0.2976485849187101,0.5331046366944945,0.33489869763868707,0.5105272726203672,0.34656322014929547,0.5026819752179608,0.5092635485797421,0.33681726775396803,0.5141677764550306,0.32928214562069597,0.2860308978544907,0.5394270657297736,0.49620889768215226,0.3557695372433437,0.4767375380297167,0.38146632040410067
0.4889144933386237,0.9309711427423967,0.7182776773099652,0.7679985863879234,0.5239808918775269,0.9116954948681486,0.6072863866999643,0.8584566936919699,0.6922902367220949,0.7915041873262029,0.8517350780490855,0.616678203957595,0.8634456253092413,0.600171894168646,0.512604174565509,0.9181403000814528,0.8553221869731673,0.6116932293945104,0.7636219706756805,0.7229288597898393
0.31789622384501864,0.7286013237310324,0.5436229021770373,0.5799931364302082,0.5400296111769991,0.5833403098788511,0.5849911635653736,0.5382408723127269,0.6511749801530835,0.4559485094834352,0.384957381105113,0.6955039272428502,0.55970944470692,0.5644849294564083,0.3201550290014034,0.7276116103269968,0.5692059711339381,0.5549076143854986,0.5842668812951556,0.5390270025695998
0.2052633363080202,0.4830553551144798,0.3314811146749718,0.4069346187668405,0.3083916260646614,0.42470003332972517,0.3369718176198428,0.40239968621639727,0.35710021418224897,0.3846491263061279,0.39526927116499755,0.34530814732607634,0.4060747043602196,0.33253397994165335,0.2626342474081239,0.4544213522992113,0.3912472906163471,0.349858644201402,0.3911105637373676,0.3500114859116971
0.19404397390034683,0.42350870659670525,0.17797638031236848,0.43050795163522804,0.2002971246883596,0.4205873871287968,0.19132705524212157,0.4247430356140413,0.191834301956549,0.42451417993171464,0.4168515712359607,0.20796022679436418,0.41727560225463395,0.20710808804410602,0.20459705347148874,0.41851252559635227,0.39733436540231265,0.24318324457205953,0.3985476950997849,0.24118959990203057
0.1793185269255817,0.6319713695406421,0.44069266022170483,0.4871682720011151,0.3592577934494227,0.5499788940165681,0.4518211256450466,0.4768654070476055,0.45559936105992005,0.47325697905010133,0.47672335240819136,0.45197100713046945,0.4950411462951327,0.4318300701579691,0.326117867351479,0.5702544016594335,0.48006090021761394,0.44842443967751083,0.48036990785547723,0.448093402813248
0.20210821343425225,0.42845574391897,0.22352831718883184,0.41768067449844054,0.2167966422104954,0.42121404340429786,0.2190546863597499,0.4200441629383449,0.2717259958727621,0.3880554568637052,0.4014117584631869,0.2515763395119569,0.40380595175368894,0.24771517467252727,0.21656546470597812,0.4213329490218241,0.4255171642476866,0.20822391160803455,0.42373895043864823,0.2118191594636711
0.20584420022142366,0.5979654184429032,0.4431143195852734,0.4512030321228726,0.3391634886918126,0.5337626854293887,0.44537614257759084,0.44897056478248026,0.430527999624814,0.46322793304964893,0.44154304467890465,0.4527407824727927,0.4377646635116575,0.4563951969498793,0.31476403362316285,0.5485053140632917,0.44028240734495533,0.45396682500037894,0.43418455462319416,0.4598024020653354
0.278542605070244,0.5906437667755944,0.371278882057264,0.5372132107538765,0.37197614075285435,0.5367306519855125,0.3567577789184521,0.5469642851698395,0.40976628471444226,0.5084659614777604,0.5368540676387051,0.3717979990935363,0.5503027014242273,0.3515863747009806,0.2754402011945411,0.5920968988570126,0.5536793788445719,0.34624440430492115,0.535705884569071,0.3734504616522114
0.14896166046839854,0.49793067341699493,0.22434216155212017,0.4688231290893474,0.20498232730043106,0.47760525260250586,0.20279820942483937,0.478536746836733,0.21909491809447285,0.4712981526424443,0.4786014566639665,0.20264544776069834,0.482360005010327,0.19352869912610327,0.13403595061419984,0.5021542549475732,0.47969220582182515,0.20004979253374947,0.47298787610326654,0.21542284205331022
0.1816528912553733,0.41800694185691323,0.26400079262284337,0.37152544709146873,0.16150406718023916,0.426197152297204,0.2412251608920079,0.3867014327548196,0.2989905580051434,0.34399450949946614,0.3781350941855308,0.2544433667583124,0.39448817631633726,0.22826882198104867,0.26313556549891054,0.37213875169293226,0.38633950755460933,0.24180438632181037,0.37745436060962656,0.2554521129268328
0.25858366213155803,0.4139968596541113,0.36591364287834294,0.3230574501235565,0.31954541189954383,0.3689846065336393,0.3043043386787832,0.3816513848869176,0.34549328124042167,0.3448090815836506,0.3877931144530304,0.29643786955726925,0.3629919551278642,0.32633686680680796,0.26441351459088946,0.41029794470180714,0.3434431900320726,0.3468510996745252,0.3269535349776568,0.36243660975465475
0.22991534153804513,0.634106385037641,0.34772006670087713,0.5779642956390979,0.35326015552565215,0.5745948436403281,0.3564284038208128,0.5726349314963318,0.3887751097914266,0.5511858904459777,0.5696794573985506,0.3611333377551205,0.583119095719979,0.3390045604807922,0.297805899531138,0.605197172849073,0.5679082921778699,0.36391227445041785,0.5752831371456703,0.3521381602949287
0.3609326174455826,0.7626896275093382,0.5233297150847356,0.6618865700071138,0.43184673631753,0.7248973848610231,0.4561514307414354,0.7098546995540663,0.5326422542591809,0.6544158091184461,0.716023026555202,0.44640659458522874,0.7090296085686861,0.45743287640853736,0.4460432002956809,0.7162494577425099,0.6968386529045603,0.4757979761039448,0.6657292855908764,0.5184325805281855
0.17181967521231245,0.47824279258426905,0.1987954950077547,0.46767351925620776,0.21343246786365985,0.4611775700427033,0.1911707735234554,0.4708416982376438,0.2079620428755631,0.46367009626660977,0.47080532461956837,0.19126033503768528,0.4765846051099111,0.17636690058254934,0.16480828112281998,0.4807040668875251,0.4660712902879554,0.20252338585502935,0.471100845657767,0.19053126428332326
0.20558132148649413,0.7549178061227977,0.3831676930208018,0.6821635381420703,0.2954254808575867,0.7244917936080815,0.4023361942784805,0.6710366312794706,0.38296821331535047,0.6822755464879563,0.6710267825275762,0.4023526200686162,0.675027415882975,0.3956040464299427,0.24313077972536107,0.7436746585002941,0.6866125857728533,0.3751369493980929,0.6725433668164115,0.3998124479010589
0.3224017250947009,0.5263020212984193,0.37905875273288475,0.4870843376084172,0.36282266188783363,0.49929591024508463,0.2768084335524719,0.5516464275974853,0.3663752799931691,0.49669492062710663,0.5527441001677084,0.2746099956240326,0.5424945257086101,0.2943405842608711,0.26758652478657324,0.5561781564566208,0.5240687831612907,0.32601932532088485,0.481170971650349,0.3865374315740972
0.24441031280282277,0.39559159322883936,0.2084825216942708,0.41564906806788715,0.24503849341254516,0.39520279146764037,0.23306497815244137,0.4023802003037763,0.2109473512028552,0.4144035770335536,0.3933437112838537,0.24801176268707387,0.3824875445919968,0.2644473253214909,0.25090058557994926,0.3915073508803426,0.40517763211445523,0.228167035462681,0.42230012331499545,0.19465794483104154
0.2218090306265339,0.5746328430054931,0.19557629139590382,0.5840822412741915,0.229974697057062,0.571413850936054,0.2595068551706987,0.5586218241775668,0.1924497799056555,0.5851198445979449,0.5564386471487272,0.2641556024152294,0.5667192442764972,0.24131193193610248,0.18697467690120198,0.5868923415122653,0.5649086196423418,0.24552067485619697,0.5636581210919561,0.2483780844904479
0.32715215796519737,0.5190579333581571,0.2804304196221838,0.5457182903237277,0.2695313271907115,0.551182851970324,0.25895790244984096,0.5562287995079949,0.2643542629311005,0.5536844736070183,0.5495395820519935,0.27286612175469255,0.5442675550342805,0.2832357695989915,0.2433514451044003,0.5632315214979773,0.5437114496749201,0.28430183280401705,0.5240026285712974,0.31917223860119376
0.28408297392973597,0.3774255686954,0.25868448740984346,0.3952664063075886,0.2769066295634548,0.3827217193805661,0.16978256901574465,0.4408254475869367,0.37030460609940535,0.29330478121464953,0.39338983043451087,0.26152941955450437,0.45249779334851,0.1356427034400979,0.27695024484561687,0.3826901590866455,0.4258429946640614,0.20447723559690784,0.4165378045423439,0.22282157294313598
0.26734476522148654,0.4103446076984301,0.20695278918028917,0.4438766310688242,0.22013032217509976,0.43749121341759206,0.22906298812549222,0.43288112459372824,0.2712146364838248,0.4077971818385422,0.42613107569089803,0.2413881249958838,0.43621923404514595,0.22264029376457556,0.28501227222328773,0.39827619215894494,0.4257478553183626,0.24206338890944426,0.4389406446157811,0.21722576058744247
0.18948613810417225,0.48867241854831084,0.19542830018304713,0.48632654530783503,0.1747860671463653,0.4941209972415615,0.17048372429115052,0.49562186083273996,0.19724669852864873,0.4855918750381201,0.48495739276880484,0.19880155025143062,0.48369517740287954,0.201853175701265,0.18531734908979647,0.49026850736083327,0.4758645150258189,0.21967861189185228,0.46877123009235255,0.23443392037244
0.29837242339438297,0.5275816495235691,0.36951712907370327,0.48044311971072623,0.31611371467606225,0.5171466130121595,0.3523391663370887,0.4931790869665221,0.3556750113833915,0.49077875487196,0.5047430178403652,0.3355636838182102,0.5014386864505341,0.3404816348747903,0.3393553913257984,0.5022015714176543,0.48907421259486894,0.3580152434337901,0.4827811714720204,0.36645714678301844
0.10945438742501065,0.45394406132621185,0.16362731468459396,0.437346059350063,0.1468684135489695,0.443255166739801,0.1964988483146008,0.4235961240981266,0.1766453390895821,0.4322521230923528,0.4240359862071697,0.19554783594106306,0.44037894973286335,0.15527992263039084,0.09871859650674751,0.4563990714754555,0.4493613823386241,0.12696386022266665,0.44451844290287296,0.14299939740825915
0.2570281858368741,0.3414569514039523,0.24308937099067812,0.3515165653109853,0.27790425178515366,0.32469303167208513,0.21295419111307157,0.3705493900467968,0.2488484068632024,0.3474633914217753,0.37673185721754077,0.20181537536594737,0.3858914867652968,0.18369566793679312,0.21590814610927547,0.36883602104503227,0.3614355301993849,0.22808045836100313,0.32866098980872077,0.2732000947192875
0.13267893474767178,0.5871809747914969,0.17179619958268497,0.5769499655011825,0.13741966915685033,0.5860896103939152,0.16983165625939992,0.5775313025413068,0.2106918884589404,0.5639096780695246,0.5673067851707535,0.20136585704158974,0.5811129320935737,0.15713992820565684,0.15204031113298647,0.5824679739465974,0.5734673056630756,0.18308589846954895,0.5682611202541467,0.19865672928539746
0.3315776306308991,0.6174997939133743,0.2841750848554149,0.6406982454832216,0.35381950331152434,0.6050301477564956,0.27035434240479034,0.6466515678174253,0.26580012654478785,0.648536824973444,0.6482202433119477,0.26657126022596667,0.6619053943127723,0.2305015609437691,0.2351077987369961,0.6602833055521734,0.6550306879868475,0.24936823858169638,0.6253380787827287,0.31654700731832297
0.3229678281741917,0.6735567563079647,0.5096636937253722,0.5461042403258477,0.4506387567587346,0.5957446037612117,0.44807221909520745,0.5976773447929558,0.5036784344190016,0.5516293653395228,0.5970714375624541,0.44887929385388875,0.5941531210084033,0.45273501167861413,0.31914945765632635,0.6753743744630336,0.5890592427022632,0.4593431512395688,0.558970074793212,0.49551930082422835
0.1711893758005231,0.3534558123428588,0.16679616219378346,0.3555500723433311,0.1859589557393834,0.3459134002120198,0.19641778504578097,0.34008361822297806,0.17682554250886942,0.3506701315800462,0.344814372658667,0.18798899455535373,0.3446159411368057,0.18835250670037962,0.17661847085754306,0.3507744708753277,0.342685873774862,0.1918416158738303,0.3399376193307244,0.19667035523861337
0.25242957336475796,0.449290244337079,0.29988445318127355,0.41910825320644113,0.27213670591722794,0.4376345809669364,0.2590123071120228,0.4455278194794272,0.32332456943574417,0.4013024245687739,0.4396443291774265,0.2688778105156997,0.4511365126801599,0.2491149535703743,0.2289652507824019,0.4616896436998968,0.4537489332805479,0.24432420819957804,0.418568397231216,0.3006375059849931
0.22154887477827814,0.591350248172723,0.210340211851285,0.5954292696935706,0.1712102804617561,0.607837198428715,0.18958267141446902,0.6023598846444007,0.1886205679842009,0.6026618465298593,0.6047901908263831,0.18168061264111088,0.6059637413721572,0.1777272181510743,0.14627292860057306,0.6143152694570385,0.605390442730755,0.1796703419591631,0.5873019108231369,0.23206784670211086
0.25247720625248554,0.5479914448765614,0.48896225031808055,0.35349014285951497,0.4883954287522453,0.3542728729508824,0.46310241227378746,0.3867499438670425,0.47944214334027974,0.36629850467104047,0.3825407345499225,0.4665854152724529,0.4080127978769069,0.4444827556875743,0.15218764275864677,0.5838478266864817,0.40203637857094615,0.4498956697285721,0.35365610438618866,0.4888422272731221
0.3229240156096841,0.6018242535052829,0.38102115730457964,0.5668291009210389,0.3924584362683244,0.5589711332139577,0.3337059802261606,0.595913308062483,0.3795673462135915,0.5678036470938225,0.5962029662851389,0.3331881975062684,0.5826242221850519,0.3564005719523156,0.33308146102513597,0.5962626034609544,0.5670921932913257,0.38062947373096095,0.5912637997951867,0.3418763972789462
