2.723616481022053,2.037402883934153,2.3629801005234548,2.4465122709049143,2.7373241617315682,2.0189486572864412,1.484127758298679,3.0604676185520234,2.357708237592705,2.451593178638262,3.063093004492788,1.4787016240558803,3.30043669534897,0.822322848492079,1.5894812433068835,3.00709937054527,2.733963655050926,2.023496968126895,1.6525997767653726,2.9728792819408585
2.2697634114889746,1.5550107130033948,2.0152422418080533,1.8731478768431091,2.021142350436382,1.8667800783600335,1.6257653011786368,2.219633178516876,1.8313659461314806,2.0532859111773356,2.205209045633203,1.6452772795935926,2.2125164882580184,1.6354372659554384,1.4582371841002795,2.3331156372106125,2.1754285315560336,1.6844568756074922,1.8185858724978747,2.06461368929893
1.8457975255456014,1.791594103865897,1.6860060214608916,1.9427201635631743,1.6269572608553908,1.9924326863578692,1.6468004404190302,1.9760633207852931,1.6374584798831235,1.9838113985397305,1.9173070034602122,1.7148503703821312,2.2146640761020993,1.3084498340938207,1.4089479229079647,2.1521253887379896,1.8476233574783927,1.7897111127826142,1.5228314601721609,2.0731045034506184
1.9135581488471605,1.6270831148863991,1.7515491544688324,1.8003276955174903,1.8250519114295638,1.7257722249344192,1.4051539146851644,2.08198144271575,1.693911637307164,1.8546610517189284,2.0773147142837605,1.4120438483234075,2.1492163355649003,1.299989767155411,1.338669851254591,2.1253393331677204,2.017038157604696,1.496883870757666,1.62108525318146,1.9186419295130088
1.254670742739213,1.199856552802774,1.1412078761452786,1.3082427157884378,1.1720472118561436,1.280687219101434,1.0995018672701142,1.3434842998185936,1.1998046720745328,1.2547203548431207,1.3349610677407329,1.1098348379853855,1.4862545478242914,0.8971632176260544,1.0701362741808846,1.3669904076736525,1.3097979470904222,1.1394225545368322,1.0774527538959142,1.361231054270962
1.174754207998861,1.331462239075105,1.0714248271998639,1.4159406707039903,1.0423483664989768,1.4374800959146665,1.1296906058336187,1.3699044778323766,1.2218964273016582,1.2883354626188661,1.3012983247004342,1.208081873643408,1.5139607512486701,0.9277725944284442,1.0763803069667777,1.4121772473978007,1.3940910471711014,1.0997041854477527,1.2982600017371118,1.2113464042888302
2.0876440899617745,1.7507987435076515,1.8179433973843704,2.029442260949266,1.8694142823774658,1.982131258888634,1.501995370881447,2.2732276596221066,1.7188899908942454,2.113994154633328,2.2429236327560043,1.5468832096331335,2.4021133392207346,1.2858481995002786,1.343450223302453,2.3703787849474365,2.158497687432838,1.6626610658722318,1.7400705431542325,2.0965945224261247
1.3330304594572975,1.1279478215875922,1.202853197872618,1.2658517600543695,1.3212908895555857,1.141677222003898,0.8787204559815281,1.5090019397948908,1.1982375626273494,1.2702217277207934,1.5093379101207562,0.8781432497818542,1.5599234245412945,0.7847772955638364,0.9399608195454856,1.4716351965703005,1.4136153975385626,1.0251477951529817,1.0797920258741383,1.372328559392303
1.7638431154815144,1.6579302733582473,1.5398809405777403,1.8677906778316196,1.4163965434995094,1.9630833295894319,1.62423037264098,1.7949236819262904,1.4371928654592294,1.9479096474996926,1.7195283051859507,1.7038479201541488,2.029876712972117,1.3188919051547785,1.304612083579899,2.0390837743277253,1.7129836594434302,1.710427522530283,1.5271675574058614,1.8781998240220081
2.485066153432252,1.7228380268125632,2.199611795027675,2.074953639178742,2.360723446079432,1.8896320977102468,1.4705233789073873,2.642212263549766,2.105288319754892,2.1705957118426267,2.6357658859242505,1.4820468441192836,2.755304933037321,1.2458006981641094,1.4002067697388203,2.68013911122978,2.4780064220032996,1.7329768683038966,1.7058040193964235,2.4967893986031306
2.0244306634855054,1.7713059841402499,1.7464176395069446,2.045939840056499,1.8180002561884914,1.9826042139595088,1.5263068190090985,2.2150015564233243,1.6629599613012953,2.1143340719527313,2.1821684997562314,1.5728906635183073,2.3955491885225646,1.2235965372949964,1.322019210711259,2.342671468051336,2.098447969064065,1.682961830179854,1.6825192315442266,2.0988028578680864
1.0778893685889868,0.7802913990209687,1.0310446927889927,0.8412175698206242,1.0048483971689635,0.8723415942222577,0.6419188166417282,1.1656073057185892,1.0618069583512246,0.8020387406479724,1.165774845297254,0.6416145013755754,1.1990267982038219,0.5770917565624692,0.6830297462508248,1.142002856406147,1.1523745762283177,0.6653818410250391,0.7581879769731155,1.09354979304862
2.7658344913685493,2.193698175332254,2.3427934857258648,2.640733004553932,2.7717318439693934,2.1862421419472295,1.770459094982742,3.0541163551988117,2.32382062458173,2.657444227612042,3.0611837859206408,1.7582110075063673,3.366903577496214,1.0611844410578102,1.8467871018104551,3.0085759951655735,2.655489425249039,2.3260541761727116,1.6711777476710314,3.109552548806526
1.2903638692434178,1.1831007230585726,1.120802855675638,1.3448298013726112,1.0933576377406702,1.3672363774946539,0.9823385166961944,1.4490608250055215,1.2098920114117908,1.2652776599120419,1.3885990494733575,1.0660951719955634,1.565359403586372,0.7838470345381677,0.9325260887497938,1.4816076841564954,1.429711111858683,1.010293211190875,1.1969297587507033,1.277546628725365
2.6445438735387525,1.9717766860303259,2.1913745079477316,2.4656425865402554,2.6463999656601307,1.9692848499894937,1.6577775261659002,2.851892226642401,2.1855818242117215,2.470778761508089,2.8499691120358728,1.6610814727416423,3.1583362302207676,0.9520650479452304,1.7245970203953531,2.8119887474681606,2.454248383686141,2.2041280520464435,1.4699832900413605,2.9530771621553105
2.1163863038548834,1.7215205262006712,1.8884499577128997,1.9688780222474211,2.0780343054603376,1.7676247720047211,1.1551616430591187,2.4715026780644456,1.8950181568544102,1.9625570296087915,2.4701783278641627,1.1579909057609126,2.5938489539146197,0.8453824658406407,1.2334555230715165,2.4333744845130476,2.3212573771314515,1.43334856137214,1.6207489638425765,2.1945151413189166
2.4453492556511245,1.9432933238056707,2.309755580423957,2.102653343554659,2.3489271148390065,2.05880143132729,1.6331439739530873,2.662510598063774,2.223118901593268,2.1940520216804202,2.6614658237805155,1.6348460457515561,2.6380340412541075,1.6723929925844943,1.663503906547472,2.643648364923463,2.578033148101244,1.7634815030933515,2.0399417789414214,2.3653243885333164
2.290358614145514,1.5730873249326731,2.010144291043546,1.9182456157748495,2.0159324990027607,1.9121617276576994,1.664521783540112,2.224795169307691,1.7939335125984683,2.121826775594679,2.2106252108562314,1.6832951287226001,2.2158573378174684,1.6764016737330214,1.4454427907645013,2.3729815532113436,2.197449529394838,1.7004593141315665,1.869593749805788,2.0554720927177597
2.7495535746305686,2.0875448838727775,2.321673747882533,2.55494021658829,2.7560766181560634,2.078925245601819,1.6219252622290952,3.047498473451664,2.316641631276658,2.55950386875718,3.049101733244996,1.618909238428611,3.339712294220188,0.8741912226633682,1.7550642754947243,2.9728164912805037,2.65301848696314,2.20893218768231,1.5878378691315727,3.065397103688012
1.869041466819018,1.5559573737727068,1.6872000080039162,1.7514780862683468,1.7885005619809449,1.6479032415407435,1.157597797108434,2.138758213033055,1.6366898484199097,1.7987678265317784,2.1406306363149863,1.1541316357142029,2.1109490093596808,1.207565167421629,1.1985951340181256,2.1160550697925413,2.1133696240041013,1.2033238076359198,1.7357989343944238,1.7033265726342168
1.97302594026249,1.4842413170790683,1.7318979810766357,1.7596400289309067,1.7111724417919973,1.7798012593334411,1.5109366336615404,1.9526582233798164,1.5953244965021045,1.8843416354614668,1.9166262000569538,1.5563893014051884,2.1058172815370257,1.2889287121688695,1.2903721903795,2.1049330769809527,1.8281038362224635,1.6594697985386784,1.4108006467089567,2.0261898192219996
1.783146068173603,1.573464821256127,1.640494387294376,1.721679299239323,1.7358125433178642,1.6255326076809178,1.2316649371641775,2.0343064977367398,1.6360063891815588,1.7259445352416962,2.0284245941568586,1.2413279623021227,2.187035010009413,0.9339589440476942,1.2264638066628042,2.037446434908104,1.878865749917903,1.4578288438493021,1.3227984321683937,1.9762605476066146
1.25946314702006,1.2745696100383352,1.2067360271881895,1.3245992866603138,1.1929750318458163,1.3370062389261392,0.7951714295567761,1.6057638391592894,1.189432846663292,1.340158428251453,1.6051037336624778,0.7965030531753914,1.5722594401534602,0.859520425809227,0.8791730045482976,1.5613551606244063,1.5893479062867213,0.8274952219299893,1.3623169164527673,1.1639878558995238
2.3767470029373383,2.15270620813241,2.090830818162377,2.431356992365762,2.4099241657914052,2.115498959970919,1.5301779227142815,2.818089043898586,2.130091976414869,2.397035357794381,2.8172248718291786,1.5317683754571088,3.0288814749678474,1.0530656888817695,1.4981468676851573,2.8352471316180874,2.6181043163623894,1.8516479479501677,1.9078811087489018,2.5774134339260555
2.2861052062238936,1.7549067772292848,2.000922778301419,2.0741945053354556,2.030593135620733,2.045156797964211,1.5848983029897123,2.4070879044749476,1.9023119463337466,2.164990547213816,2.3705922706251683,1.6389835560924562,2.500102809838888,1.4336878150158645,1.434828843686456,2.4994481390928383,2.310317205147766,1.7229072007184492,1.859893140619956,2.20153862472683
2.7483035652953247,2.1784512230939153,2.3947760503163833,2.5620050521506452,2.7438694232671166,2.184033609282181,1.6712591577786866,3.0831339649705853,2.36998917390033,2.584951360085833,3.090757638789509,1.6571178101386357,3.3488735977609063,1.0410897389919334,1.742463833242317,3.0434588888724714,2.73680347648049,2.1928814262377876,1.7480993644311802,3.0402254571807124
1.924758320891175,1.7046376954921905,1.6484730191863433,1.9730739904391328,1.6780161393923845,1.9480108066105328,1.4805205384806013,2.1020331115065365,1.596363427554701,2.015467209829658,2.050905016267333,1.5505717916246997,2.2843808868629076,1.1798678868704653,1.289938519911426,2.2240824808404613,1.9901578410281409,1.627807124485868,1.6352431024926903,1.984052484810526
1.391326693737847,1.1694358721370224,1.251351035585773,1.318139147998716,1.3535113134672407,1.2130034427257623,0.8782544166262852,1.5912383251495645,1.2338142427996674,1.3345683354602156,1.592623713424166,0.8757396503455731,1.6405247606750053,0.7823354378785258,0.8954683788883411,1.5816151902910691,1.5236955470189046,0.9908189076431314,1.157043310690087,1.4016493873061446
2.783330939715762,2.0339208521841523,2.4396129188471005,2.435580825824277,2.7891425497648408,2.025943975044674,1.4294546538625383,3.13694509761954,2.4395283677002966,2.435665514005168,3.135971349645552,1.4315896224584712,3.353648131383968,0.7980033607657018,1.5828927704667943,3.062387243660163,2.8218942799352265,1.9800701567867192,1.6927065836971444,3.0030833445705225
1.1580093664742723,1.1220671035976313,1.1822522498459032,1.0964943664025013,1.152967939791064,1.1272467376897006,0.9106208932814983,1.3307102864776124,1.1679573750836227,1.111708526460914,1.3290584136066472,0.9130301260306285,1.2860692130143354,0.9726490925070618,0.9177293939961241,1.3258178748280738,1.3460503640997947,0.8877886545371783,1.1830324187133194,1.0956525791013483
2.724033653313139,2.116834767541462,2.3962460439631474,2.4818045197488474,2.6989439229629557,2.1487322956004022,1.5849699167952536,3.0641832745951887,2.3705904612476827,2.5063219351265196,3.073990345896561,1.5658646591546745,3.278362716430722,1.0740980760488414,1.660306375699893,3.024025713558853,2.7842427011547195,2.0369932151388026,1.8384940699012549,2.919124583225725
1.963720824167828,1.8196889842189368,1.7224202835595392,2.049569672233856,1.7868928459719762,1.9936101503484303,1.4258875307810186,2.2659020773460905,1.7346774739864104,2.0392061042970244,2.220484304132381,1.4956326185463649,2.427096305949605,1.129898666343094,1.320828188053313,2.3287078760982283,2.1730428945650107,1.5637621471754073,1.7657120339402566,2.0123937208599814
1.961273799539581,1.815119329762386,1.7191524105567972,2.045914975582864,1.9830705320671187,1.7912800905733621,1.222250419450612,2.376416842683598,1.8366297242557987,1.9411451141059872,2.365390788021219,1.243454670658257,2.568233790628974,0.7385311738234269,1.2482483789208885,2.3628645925145295,2.2856794120193467,1.3845297842619246,1.711548968629187,2.052280006729551
1.941613393785377,2.0901255973446276,1.7997949084812839,2.2134194972952717,1.9636406865941405,2.0694450554566792,1.3914374723692742,2.49045966522018,1.8995205451983854,2.1284523208122925,2.4715222034764133,1.4248036992249493,2.617588664312555,1.1343355623731535,1.39961185510668,2.485874944289604,2.40394062305817,1.5360849795544205,1.9567277492140265,2.0759826827451655
1.1662683506587017,0.9774703425544199,0.9605190288212515,1.1802683303359043,1.107765779586497,1.043304899777023,0.847179909456146,1.264087155751335,1.0559923426647475,1.0956780131749664,1.2294498913619953,0.896706808801852,1.4154019984298265,0.5588088395529162,0.8132813966640084,1.28615842965082,1.2158341988870944,0.9150832405514818,0.9535806188135949,1.1858811659456883
2.464467190244083,2.0942193818543333,2.1246667559997134,2.438266705484362,2.4215586442558705,2.143690062381589,1.6712539442986598,2.7688018355942488,2.1213600892413362,2.441144142179626,2.754225046875229,1.6951689421084422,3.0306856027407263,1.1288481423397887,1.5985861352632862,2.8113832394869083,2.50398582791609,2.0468044177984575,1.7865756724939865,2.695830246431806
2.3906801435181446,1.9313016990351393,2.1737877456333687,2.172538754140452,2.3651300003027056,1.9625080593404134,1.1781789289669644,2.838515846819638,2.1612048828171733,2.185056350713903,2.8395373753375104,1.1757148018840764,2.865356594720267,1.1113097616780971,1.3739778925858996,2.7490839477893654,2.7148226933290527,1.4404914248594263,2.025801843744871,2.3111479163367785
1.8559488352174902,1.645118349953689,1.6816390579346634,1.822923625149481,1.729755516672461,1.7773312344188112,1.3036567461657054,2.1098434900428407,1.6278152092350573,1.871143529738575,2.0981882495604287,1.322333745204308,2.1386588818562258,1.255825884172239,1.2651655500100485,2.133147110578002,2.0628319153773154,1.3768387535220903,1.7377767731394351,1.7694892910206041
0.969062084383617,0.8212418548265946,0.9927430165028854,0.7924524027938195,0.9560908664988932,0.8363072177772601,0.6712810278422503,1.0783790099811839,0.9865927993032306,0.8000963416189086,1.0779453476908833,0.6719771833183971,1.002027526963726,0.7806794109722025,0.7454031104399662,1.0285396008201968,1.0961836146049697,0.6417951313156942,0.9164047818669123,0.8796145651820478
2.4325808383465524,1.6705722524805786,2.1936152684536077,1.9739081133264682,2.2965266641411146,1.8531666052294742,1.534419654669167,2.5206779860215787,2.06320338032878,2.109846676241841,2.5240582180544493,1.5288529352820845,2.5267890157710755,1.5243354144109782,1.474792121817604,2.556022179730367,2.4409110348274843,1.6583770698807516,1.838553490849211,2.308242241866098
2.178855285083926,1.7473169342621018,1.9206802866625523,2.0276868738844076,2.037676661220696,1.9100787016282192,1.4114682743660674,2.410038201472197,1.871243153213288,2.0733971842485115,2.3903852246730954,1.4445017479261912,2.5156054952264966,1.2133654908903249,1.3545197567326415,2.442499345080406,2.2958926475009958,1.5904099387416233,1.7585609130221727,2.1697903901731816
2.2796923933204414,1.8934983653298698,1.9020073510842723,2.272597963585148,2.2256553182761873,1.9567298924222767,1.5681825952325994,2.51458481974252,1.9112602773518237,2.2648217633816135,2.5004979601326474,1.5905481504948042,2.803473329486424,0.9606616254063007,1.5424153722135334,2.53047194950455,2.2450703365784817,1.9344230797541047,1.5478832505833344,2.5271309642029918
0.9476253647849711,0.9085584798149846,0.9557083267990865,0.9000521858839385,0.9311327661796296,0.9254534645103645,0.645513731131055,1.1431466949385058,0.9490534192013604,0.9070666738061607,1.1463489804954161,0.6398096264864146,1.086290721550567,0.7371870939596772,0.729897821638462,1.0912018663817402,1.1489540229731843,0.6351196708662871,0.9802026322536745,0.873312740632205
2.300623096393643,1.8658129037077238,1.912876320374865,2.2616428998078453,2.140489677966944,2.047542029316881,1.561359399956406,2.5171971014344297,1.8954952815775663,2.2762297908645572,2.482049124584955,1.61664979709558,2.760337307682942,1.0745521723563776,1.4347642788380275,2.5914428196416988,2.308837478927201,1.8556384128388836,1.699285087577472,2.4262222928740362
2.24306021647435,1.663924804717262,1.9512740106219533,1.998122775495703,1.9599602683813813,1.989603135514648,1.5642355571921223,2.313683645639392,1.8093770560075697,2.1274678751221403,2.274334118925368,1.6209161625375037,2.458226385091206,1.3255519341484732,1.3037587757457525,2.4698538307254685,2.174599801759527,1.75244988306963,1.6430185736979885,2.2584186629070264
2.2543881969937845,1.6561207511103861,2.0232171748885808,1.931733508597701,2.0121328235197464,1.9432765077357799,1.5161608599918854,2.3507995090249576,1.9182317467361714,2.0360228512511376,2.31928758958038,1.5639396285732212,2.4141425879734877,1.4131233668494718,1.409519413479785,2.4162485608949504,2.2442864777307574,1.669784504323293,1.7136368915362228,2.2109840996645334
0.9027329057484778,0.6869907939046938,0.956455496316621,0.6099802731208753,0.89886756375862,0.6920405716817004,0.5810779622979353,0.9742850977832777,0.9611979269055538,0.6024795393566134,0.9712127086464053,0.5861987074317071,0.9604362892399044,0.6036929553522833,0.5577993742664509,0.9877969974133589,0.9965383395222053,0.5420280323869026,0.685302196459028,0.904015458694885
2.5424533545260832,1.754409620306372,2.13840979865852,2.2291760156537013,2.5038960613107544,1.8090126284570194,1.5523947381227075,2.670597826857015,2.115551316585204,2.2508808948185357,2.6688758461039046,1.5553533019374246,2.9485944052326922,0.9207677281458927,1.5340457404498826,2.6811799346504244,2.3452106527911813,2.010474861767548,1.3343455316232553,2.78595480544849
1.5737309230600205,1.5068692347840473,1.5634981496614917,1.5174839191698526,1.5526622323668224,1.5285692333406689,0.9846566856912978,1.943639658027545,1.5391968002250993,1.5421274652605146,1.9484167091149402,0.9751698501162298,1.8761287420679906,1.107892076025631,1.145208466791083,1.853586112519195,1.9042546879807047,1.0588191499200954,1.5982454167716122,1.4808428332211827
0.819057064559709,0.8150901915801329,0.8691471852977448,0.7614523397457732,0.8226735213091826,0.8114399378586531,0.6651650821836558,0.9448713715945231,0.8855542971483092,0.7423072694090156,0.9447859627678242,0.6652863894385488,0.9688900062230541,0.6296655074373974,0.7177157400052006,0.9055995869942148,0.8952018340219235,0.7306436694990859,0.6687657704731395,0.9423262915035179
2.753362170524919,2.1462595903287953,2.370570274820828,2.562777798267326,2.7554498182339118,2.1435787296833126,1.6322474821950275,3.085968507296213,2.3592918924304924,2.5731644404250122,3.0896143382596337,1.625335876665653,3.3637833939594017,0.9340207437091473,1.7439911766957212,3.024223577509357,2.7152268129726984,2.1943055451030844,1.679101965888942,3.0607270475009547
1.351186290343614,1.2745698660463163,1.3481227603443982,1.277809750192595,1.3659523257473043,1.2587322902155929,0.983564914121905,1.5757007312158713,1.3474576633656905,1.2785110793743382,1.5691001710261454,0.9940610584524389,1.5626397317079563,1.0041861398832133,1.0137894447453657,1.5564265791770409,1.5472903540966874,1.0276795681364934,1.2852123718226125,1.3410674457162686
2.019253972698072,1.6617000104902915,1.7790971735626413,1.9166237967169772,1.798825082265669,1.898120611165763,1.38766814384948,2.216531220999542,1.6581572079445814,2.022164237855524,2.1952826805868226,1.4210445043825741,2.276817005630265,1.286366143053064,1.240710259695694,2.3020146790596763,2.1467156001191126,1.4934007042068849,1.760964615775834,1.933296964541622
1.2278482588392443,0.9794167860911247,1.05080273985186,1.1673397918050494,1.1864760914920458,1.0291467688961522,0.8111939893824125,1.3449285851678066,1.1498888697011693,1.069871102025379,1.3345401691141512,0.8281733662901775,1.4675849271482384,0.5595203921385993,0.8751209702967273,1.3042361269948577,1.287269011276123,0.8998928159618925,0.9542677195558944,1.247494171138777
2.3965872032458697,1.8820147740644526,2.0134276155276503,2.287295142649801,2.3336552806927955,1.959505770201599,1.4841126148884753,2.6613942922625395,2.0078722360772425,2.29217340446767,2.6493075514921265,1.505582721130103,2.908334046333418,0.9095069584652,1.461416045670739,2.6739246388061937,2.4054488948895525,1.870675131238282,1.6148222985971312,2.584174679953391
1.732280787893397,2.043228382328092,1.8431068419033227,1.943845703697904,2.086091920524925,1.6804164512335236,1.7419675367691605,2.03497617954069,1.98178877613506,1.8022464307748647,2.0085280462314135,1.7723978215844942,2.3234002138124166,1.3331880575942974,1.379373007681359,2.2962815716143608,1.8109980309691323,1.9737945896879858,1.3984444552305213,2.2847170625901687
2.800930764556191,2.0361633547270683,2.3396215162281973,2.5529092259171273,2.808039997333753,2.0263478793989376,1.6297210463890404,3.05535328005246,2.3305636584287437,2.561180858311639,3.0556919231015813,1.6290860094121717,3.3354157730918796,0.9306857555483548,1.8057222476582946,2.9547489773722897,2.645158522777581,2.2347954591746957,1.5399991012452032,3.101544312618261
1.6444284161907352,1.4850706289366467,1.4587128002077066,1.6678538771175515,1.5276042599067643,1.6049937115205668,1.2468714084697552,1.831636230163213,1.4501687158053393,1.6752881198782943,1.8097425271856358,1.2784410718533747,2.0011047794633883,0.9513985760524567,1.183337711102237,1.8733102920736797,1.6956921770058286,1.4262565090989385,1.291979874008249,1.8001021065660374
2.6710666041302065,2.1550235079434867,2.3318010572740544,2.5182190041345347,2.6730228513542884,2.1525965622072603,1.5146791641300692,3.0796866972533037,2.332151037868119,2.5178948866184587,3.0832142548464976,1.5074856490859487,3.3078164901739,0.9149170404044011,1.6356050751354974,3.0172038647860258,2.7785689274174263,2.0145167755764906,1.8434524127379732,2.894893145775725
2.14562386021632,1.6154751024140679,1.9205921077451353,1.8774417465573796,1.9958045728063538,1.797282855650321,1.4284976535084408,2.2743913493438646,1.8426851178385308,1.9539634368497598,2.259976104761857,1.451195907503446,2.3605739160240216,1.2810746828488735,1.3331884750258653,2.331538128812723,2.1766006744479074,1.5734900889558348,1.6326167472238968,2.132609695357636
1.8844672628811239,1.5752887230667498,1.777838917379471,1.6947094765011896,1.8542630509955857,1.6107327412095678,1.2294000357921686,2.12634121859267,1.7364039713153283,1.737139221332678,2.136300820262896,1.2120108214186966,2.0709829043250845,1.3205230917652233,1.2960840222299301,2.0863646932433055,2.113578347538881,1.2512146077738853,1.7411640895980265,1.7323680437442333
1.333651372773938,1.0837581494109192,1.257580267342962,1.1711744454631832,1.3251337017526388,1.0941564709838072,0.8750496128960378,1.479001651617362,1.2387158663018565,1.1911090265330169,1.483940329128451,0.8666480312690583,1.41823687507313,0.9704441646479168,0.9811795575188221,1.4108310977659793,1.4647606778779714,0.898684520317812,1.1982975941170488,1.2317632022631957
1.991558093725506,1.6494160962974749,1.7626142770901376,1.892106764854136,1.8311441920518237,1.8258663826588315,1.3885584036391967,2.1814634214425275,1.6724146734492542,1.972284528013237,2.16973312819673,1.4068174195020495,2.252675911134046,1.269774916591586,1.28649601812973,2.2431685390859784,2.1171257224375983,1.4848083293145453,1.7014474903677321,1.947293901014975
2.694880003523046,2.247668004611976,2.3611227621888298,2.5960525792476825,2.6917878289413806,2.251370244164163,1.760775833165399,3.0354667116747382,2.3482516916389593,2.6077008427079047,3.04091986698771,1.7513412160125166,3.2939245597438984,1.2101449033321245,1.795712950194054,3.0149302965160105,2.722372692271559,2.214289189947613,1.8830231877283643,2.9611844533601857
2.430561064446433,1.957887693655994,2.0317606328349576,2.369155976257084,2.3962221276072095,1.999767692542847,1.5582232820643984,2.704235846261383,2.0548722260110437,2.34913844712077,2.6985758089478606,1.568005074077876,2.9796656671789568,0.928732373080397,1.5556800083018483,2.70569972848846,2.4465671946560232,1.9378493932722223,1.6613545779191514,2.6421302532993414
2.4067549497174068,1.8097865450168678,2.1666506889189163,2.091272703097449,2.2742461058360517,1.9737277868548344,1.4786474343047715,2.62324198112512,2.086221789722059,2.1715145338224695,2.614983358552468,1.4932041926699047,2.6647967076216146,1.4023748548666761,1.4551762545721727,2.6363343480375607,2.5259274478452722,1.6393557438015693,1.9426069173218232,2.3008857188671343
2.0294224244824304,1.6841178293510028,1.7998827787839942,1.9274932484361362,1.8183207539106867,1.910109388497882,1.5433041981211102,2.138462155894239,1.6876848178722668,2.0264570549739105,2.1115835051590053,1.5798807995765027,2.2896990013081093,1.308467318483243,1.3592070008981698,2.259947912859826,2.0132584946674013,1.703407899999184,1.5774796727132576,2.11337789387193
1.3338177561846516,1.2856219363866483,1.2116459554526857,1.4013592147151857,1.2499017977457012,1.3673474562173575,0.9407756317742799,1.5958805659233144,1.2254062486228052,1.3893426848219261,1.5827079410220135,0.9627715946463481,1.6652748820243988,0.8116360867597242,0.9452385593764723,1.5932412359400898,1.5518222133316544,1.0118010615938586,1.244568325153607,1.3722037946516397
2.7572665547403457,2.0665571854419915,2.3462076941554506,2.5235861210740134,2.7690320118406797,2.0507655087779244,1.5978861061405294,3.05285725942021,2.3362228944312475,2.5328324149313364,3.055350410975041,1.593113718711338,3.333028756443706,0.8741262856766997,1.7170351862446325,2.9874684305929464,2.6685229341834726,2.1799455966442034,1.5787019960848505,3.062821813646581
1.10741398658194,0.9637402431463474,1.0469404937100577,1.0291144720424579,1.07610680302208,0.9985765581199492,0.6185392904057079,1.331379036999415,1.0537306971523168,1.0221607563470523,1.33004043138516,0.6214124594968016,1.3068265810914703,0.6688537066428387,0.7285126067654079,1.2745314337908487,1.314871099508261,0.6528973775525696,1.0385337234784426,1.0375975612611508
1.965339520568702,1.6349471744461026,1.754845181980323,1.859066992235341,1.780219343127961,1.8347835797966914,1.4889381855802426,2.0781421447676593,1.656695227138083,1.947042017706964,2.05741937840743,1.517444297393514,2.150662271192958,1.3821228200147986,1.3405808999359914,2.176799151291942,2.0203064746744097,1.5665163397574793,1.7133328313775613,1.897393555186235
2.455869599629927,1.9882052233218523,2.187887113433736,2.279781892923389,2.435003559726282,2.0137063252994687,1.5661476936459464,2.7443463524340794,2.1694791942797726,2.2973061454708086,2.735447012365836,1.581640016871594,2.9375327086722716,1.1641121449032743,1.5078949550160918,2.77678020467371,2.5096282889247914,1.9199013911811142,1.749109130560735,2.631515295380178
2.182420891796694,1.8135338368068643,2.131681151834883,1.872912542834291,2.185374765796223,1.8099732205795773,1.1607140598532966,2.5893259349593247,2.1290913416393673,1.8758560672797855,2.580870713428781,1.1793948816065458,2.607418626352148,1.1194793580705182,1.3410045879578902,2.5007144221741897,2.4560712755668006,1.4211192122864889,1.7687375100059792,2.2188811475362873
2.817844496489152,2.0937853448114856,2.526125805901961,2.437800871543392,2.813124230931756,2.100123029226185,1.4574852423797167,3.1937315862149234,2.509034097786631,2.455388476939154,3.19879039498548,1.4463487426931962,3.375064516314323,0.965983533636841,1.6309056050806139,3.1087508076168135,2.899820231073092,1.9786933324799858,1.8238976290605415,2.9995969921389247
2.4758971943805905,1.971081670750062,2.180024200168169,2.294062849311167,2.433684425734873,2.0229705845226853,1.391491884928646,2.8423546935747233,2.159591825852399,2.313307808230465,2.838577517065463,1.3991810281443233,2.947809636213081,1.1513679770420233,1.4933610142372507,2.7901796987048746,2.6604758472641152,1.713796410322073,1.9762626560343572,2.4717636991170018
2.6358555714775695,1.9137924640936135,2.4126262013203807,2.1885088535377784,2.636813803534379,1.912472001050319,1.8045382518486113,2.711821875958303,2.374567744257847,2.229745325646194,2.71778865421363,1.7955392004460717,2.628177766112522,1.924322690980556,1.8518225026722837,2.679755512711451,2.707659993830038,1.8107770561621248,2.287263659466761,2.3192156306375593
2.1412436336756007,1.6719042643302997,1.8539464720017935,1.9857166582355683,1.930205801069596,1.9116730194673484,1.4658659182787563,2.2872309191401965,1.7441633694057896,2.0828063540966006,2.2657916333277766,1.4987916607000378,2.370589841804614,1.3268353212719752,1.3245426090199872,2.3718716332745866,2.201146466445495,1.5922130514151176,1.771133488211587,2.059920953526515
2.5026959985176283,1.833954859048926,2.308044030610025,2.0735984275627586,2.4054409638500216,1.9597784199897688,1.5309635415682614,2.6987086394077595,2.2185840084378636,2.1690464917859864,2.6997143138372097,1.5291894289746442,2.6893207178175085,1.547395154038824,1.5466041352076434,2.6897757034711893,2.617709017691092,1.665676194439979,1.9920152709129155,2.378813327370405
2.217610662329609,1.7657514993787709,1.9089595695304236,2.095602244972687,2.039930249595028,1.9683393975693095,1.4719255464182135,2.4226247321939463,1.8448900778025699,2.1522211800978948,2.3959984954415043,1.5148817171906175,2.582752471803288,1.1683599944496346,1.3392094641909,2.4984381958051047,2.2760727793374245,1.6897242705233175,1.7167520292316882,2.2557566086271867
2.59155144748738,1.8442409419041292,2.2322992439883,2.265878117211654,2.5526095317961093,1.897774521631327,1.5528994828417475,2.7759442993257624,2.203136978719294,2.294243014540741,2.777055751042513,1.5509109943420567,3.021516289825318,0.9938827230058936,1.5374355710876026,2.784538637103802,2.485423839713335,1.9849513580322284,1.494402903268125,2.8078681449585847
2.1108180454920604,2.0978761619625974,1.8709541722550584,2.3143395812687535,2.1798292801904715,2.026075398727829,1.5623724505989074,2.5329093030970147,1.9893169660758325,2.213426127203862,2.5158986598548876,1.5896198116047189,2.775167040413352,1.074748858994155,1.4710090819976493,2.5870387497651195,2.3686333374155657,1.8017250969527618,1.8181295223484784,2.3560649931762776
1.9921625130389131,1.7281253847295,1.9100553864452687,1.8184656291542645,1.969249760416673,1.754190469932748,1.2407617215531763,2.32715258933152,1.8807407884565406,1.8487679438858382,2.331565463867344,1.2324493139294033,2.295749419653758,1.297945848586694,1.3288782991563963,2.2779840407112606,2.2781240844024437,1.3286382049939427,1.807720839585172,1.9202276401076726
0.8898973842979574,0.6843121365197257,0.8208119877458,0.765812075865435,0.8323959147769765,0.7532048166542342,0.6542141377209725,0.9122523317451935,0.8675602722626179,0.7124181558327598,0.9036325497167843,0.6660695683341804,1.0028565306993382,0.5044593478192525,0.6921098512984798,0.8838463715511504,0.8618473199024211,0.7193188805707464,0.5943579871138854,0.9523334699161152
2.1073591732556256,1.8064064782520277,1.8697325259687045,2.0513818101733805,1.877004074497044,2.0447304844641563,1.5421127762776006,2.307803118772682,1.7788347366673793,2.130683934655965,2.271772348755422,1.59471547468688,2.43487981729106,1.3324516220576952,1.3878597256918894,2.4037288598296525,2.197975263116214,1.694984304501,1.7819256843387192,2.128099599471208
2.1502083144507718,2.090930947611311,1.8782440051490459,2.3382872963632235,2.1459440794202047,2.0953071448389933,1.5223658559638245,2.584142067264781,1.986917791719538,2.246674367183709,2.5596679503331163,1.563166020373212,2.786643320348375,1.109056819270206,1.4545090696637024,2.6229356434114037,2.4506214053616233,1.7291161761996747,1.9311952423404515,2.294748996987158
2.4794014424672084,2.08305484491507,2.2805463565479074,2.299055744315193,2.4545986793970074,2.1122249697736004,1.397482205592204,2.9212313302588293,2.26402786785824,2.3153243430227852,2.9181516064875095,1.4039017776849596,2.9362484349584674,1.3656478784945156,1.523294867076207,2.857642690710632,2.8032446298771396,1.6212243968364155,2.1337278842567273,2.4359298667609317
2.6562258156732503,2.1393862326815265,2.299658789821066,2.518745419218661,2.642299568765588,2.1565625484407978,1.6996252868070176,2.9569888266414606,2.2785522136557144,2.5378551664901843,2.966900118510852,1.682264165705425,3.2199737970914106,1.124401077232231,1.7047613686649932,2.9540307568378057,2.6615679743043756,2.1327364944112484,1.7766605723987872,2.911354709910816
1.4517881039917642,1.2671162543476049,1.2989914874350854,1.4233388270173373,1.3981270514217965,1.326089381982413,0.7639220065301259,1.7690945336139872,1.3042219549030838,1.4185476351792645,1.7620801963917747,0.779965180253471,1.791358396801176,0.7101460378920844,0.8393148242787261,1.7345958972250213,1.7186448864865482,0.8715113625636473,1.3315706028078713,1.3929077610027836
2.0711399376887645,1.8040668944649674,1.741832630918518,2.1237460034244595,2.0178885514116005,1.8634387017758014,1.3483500518184888,2.392954270134507,1.7966429761498346,2.077583215528407,2.3803172954217544,1.3705355064025,2.620545664888729,0.8228112902888374,1.358823094327075,2.387022789903206,2.2110893542316683,1.6295281123065275,1.59957699528505,2.232852757650791
2.6965129622982396,2.2329400879402526,2.35595927688976,2.5897218919818648,2.7073406583285267,2.219799574721625,1.7209073746299954,3.048881991831948,2.3419840788716657,2.6023670314705196,3.056593346536547,1.7071733087421332,3.313185796624613,1.13137238308966,1.7393819799745467,3.0383801473668295,2.7337393355272606,2.1872066289136978,1.8431209099117647,2.9765935066144116
1.8620871110711839,1.488953767032669,1.626112556823944,1.7435910306369717,1.5910624063071859,1.775632886836181,1.4755249495548655,1.8727460727016128,1.5561139939553275,1.806339106423432,1.8131132374433143,1.5482157852786629,2.0588557088685904,1.2022748852227667,1.2730465572564473,2.0158631383691974,1.762581362745303,1.6055088505770105,1.3933653199391063,1.9346536679129926
2.708571610343106,2.1279082592481515,2.3951091601107577,2.4754405343870993,2.7149986073234613,2.1197019343211467,1.5329668404611874,3.084536657940636,2.381802562223149,2.488246427249598,3.0892803665364816,1.5233845689993606,3.2992056571403885,0.9897453005829354,1.6158640007425575,3.0419298577116143,2.790466297036492,2.019319581749405,1.816264978133737,2.9266935707958908
1.6714086585675754,1.284836891575494,1.514426971638853,1.4666027715304553,1.680377487152432,1.2730845386537837,0.909748519881103,1.90178084238489,1.5039307608846113,1.4773642097848025,1.9061464357292306,0.9005656597077136,1.8450649964847894,1.0198764143927557,1.0645763347403736,1.8196400658918213,1.8651539521953764,0.982656336924567,1.487121142732607,1.4942835904625684
2.1469550037859793,1.9259528149609886,1.7554719932562597,2.2884553993099153,1.9818998283911284,2.095419553206714,1.6899687385784952,2.337245322246943,1.7934509065856055,2.2588147067444644,2.279630209954628,1.7669171286735628,2.648914300686395,1.141035959712452,1.5209694237264633,2.450584021376741,2.145317864089523,1.9277762566636656,1.703910848069203,2.3271007403139854
2.0374252494342855,1.806878481929981,1.7291235602462085,2.103816343908239,1.8904182234756626,1.9601608188730515,1.518277875997136,2.260695421048925,1.7440881024067112,2.091427308451649,2.2165769813058924,1.581991776665988,2.501854462284874,1.0754700112226356,1.396941584846004,2.3376196662463906,2.1016957203419624,1.7317004921724286,1.622741865127739,2.1869202853912393
0.7906191068216166,0.8351817177018432,0.709819594969899,0.9048553565358282,0.7003045089395168,0.912239370129241,0.7181261421867208,0.8982771941682756,0.8359662171306792,0.7897895653090349,0.8586935222786936,0.7650179791687401,0.9902578436441061,0.584804648370836,0.7260645583114838,0.8918729342337742,0.9249384187605589,0.683444215101371,0.8429621263629444,0.7823183029767843
2.6328642643542235,1.9099879853412578,2.3472290253735606,2.251786899576722,2.582269495814642,1.9778555532815476,1.408951649594765,2.9317031888930454,2.3120934859424844,2.2878487823551175,2.9305530825508157,1.4113422579280237,3.0529953385980266,1.122162110018059,1.4838398482196693,2.894520278646686,2.7329588342514057,1.7637926037231981,1.8439880211788628,2.679503035342622
2.747238163722826,2.0522941789667346,2.342615608038971,2.504272556693482,2.7533889840352064,2.0440347423244734,1.568620433499461,3.049370240040371,2.3372977617318007,2.5092365568513904,3.0505551849234953,1.5663147796571049,3.323453381458622,0.8449180708844839,1.7040131249939439,2.9758306731204107,2.6723528280628224,2.1488972259232275,1.5750764340344652,3.0460405696879973
2.713728744077832,2.139576808316484,2.3895263854525743,2.4964527370543097,2.722249681053545,2.1287248035206128,1.642246346468621,3.040582107529817,2.369083783598464,2.5158606164513135,3.047320222448648,1.6297092001260596,3.2778039170070903,1.0945839834261109,1.673807880229441,3.023322641598449,2.7324602211933624,2.1156024566812923,1.7844686729047896,2.959355364017883
1.824209057955209,1.932992132980536,1.7065766456429674,2.0375950102600053,1.8350649298883293,1.9226892563241766,1.1941780067033838,2.374475976209573,1.756165263226544,1.9950139953210646,2.3652192165435206,1.2124088959520742,2.454258382658444,1.020202462475578,1.189756421713763,2.3766945386989335,2.2874760985937126,1.3533847832944486,1.8298443385592629,1.927658416300224
2.609929271226416,2.068038237523496,2.3611094845528666,2.3481215800333324,2.6301755784937835,2.042226573854779,1.347006587514087,3.045338438639849,2.357491919265338,2.3517535592111627,3.0453219825596087,1.3470437911229731,3.1419989092256104,1.1028852193627467,1.4497716893746664,2.997778344266211,2.8648971958612566,1.6973146466728106,2.0067715362492287,2.6573259028511447
2.749758960800878,2.0572082395483164,2.3449345281936775,2.5088965984781644,2.758817066909415,2.045044858847731,1.571219621003343,3.0536124485507847,2.3366574363175427,2.5166072615074713,3.0562929457554007,1.5659992059691414,3.3273832603418088,0.8495885605205153,1.692867284976219,2.9878889602573,2.681335260809914,2.14562841669,1.5909321009543629,3.043388758197537
1.775079763393698,1.443380044850415,1.527986843108573,1.7027948577469072,1.7453202912330736,1.4792265550930028,1.1107490881688642,2.0001226420932916,1.5889279803591942,1.6460747229436046,1.9911533839049846,1.1267485620341138,2.1779616307699996,0.7005264129038218,1.1355088683428345,1.9861706196087456,1.8800555141135522,1.3037044849709771,1.2914018764603468,1.8885272870035288
1.3235834921818972,1.1112770978192377,1.154202133731045,1.2863232421925201,1.2319142079656833,1.2121045471106267,1.0182621263968314,1.3964069216599355,1.147527256312547,1.292281410890744,1.3907156325640737,1.026021480406664,1.5154165559724897,0.8308566126585571,0.9785959899908974,1.4244858501535596,1.298131663820786,1.1409050058176848,0.9944788377780923,1.4134432744632905
2.2483131649562056,1.5715862767031765,1.998101726812513,1.8794640199125912,2.033850755569148,1.8407190488795269,1.502800832823131,2.2948605991875075,1.8414576237402949,2.0331820707467125,2.284710366056948,1.5181877538924722,2.3346007476912862,1.4402898533685609,1.382969154568957,2.3690065070294692,2.19695190361595,1.6426192029911855,1.6773246097773582,2.1705708157699846
2.7362992915015547,2.149853634705996,2.457415902340546,2.4638002245016324,2.7128307735371537,2.17939295618764,1.5438254883381615,3.1186226647172193,2.4338625647663403,2.487070059157865,3.1249118096142414,1.5310554024802432,3.3048505904586873,1.0895719517660865,1.6834275239161274,3.0455338177488867,2.8364331143019417,2.0158997126399623,1.884347483857064,2.9254809900958243
2.035417302085506,1.647052527913158,1.7521971365866622,1.9456389227890327,1.7575466928188017,1.9408078848499815,1.48769857601928,2.1546365285691165,1.5919516407159784,2.0787966704215854,2.121509871814896,1.5345688277578524,2.2891934787091524,1.2709440744461002,1.237764605914796,2.307302408371897,2.041167561199008,1.6399209159112098,1.6295616598321478,2.0494473450516506
2.770850150269661,2.0365797475084637,2.323259588000902,2.5352973218092036,2.7812225727464535,2.022391807750575,1.605460446339374,3.041013709020533,2.319222728036342,2.53899065791324,3.040956882773351,1.6055680802521035,3.32667097090371,0.8709350576005119,1.76406369073996,2.951837888201849,2.6355621778407676,2.208863877640782,1.532995075118003,3.0781802615953127
2.0988700792143256,1.6922638056526562,1.8318603505384612,1.97820627171897,2.0064530737100426,1.800877136381792,1.4418294603550013,2.2781879212645224,1.7714114797170606,2.0325141492422074,2.2768555182931065,1.44393259751326,2.300465942615047,1.406011679969774,1.4143351771644326,2.2953580121581063,2.2415118531121205,1.4982112700487298,1.8964373402827184,1.9163866550684834
2.1164805205949944,1.9287372363767603,1.8461997680848308,2.1888498206518965,2.0734736360776567,1.9748985294275812,1.3080302079612376,2.5472679670786897,1.9051217937817801,2.1377623983740603,2.5486969833081132,1.3052435819878387,2.7251887227628875,0.8791265815400546,1.3573079622942226,2.521355234102689,2.42103459930052,1.5290875024124988,1.7866401961267144,2.2377296375184863
2.6816796421942755,2.125175947170693,2.396717256012932,2.442032945011576,2.732698019496171,2.0591600336141367,1.39546847339841,3.1241712900452785,2.397903933769204,2.4408677215708035,3.125384534334038,1.3927490880764117,3.258579818598632,1.0437605451509342,1.4534309189759194,3.0976308807791937,2.9100188951127923,1.7998801459760019,2.0037489043163204,2.773584114146029
2.3241200846375545,1.636165551421354,2.1016061418067613,1.913589168080159,2.057114720395297,1.9613390595729736,1.6216217833382565,2.3342910425387124,1.8972272686360583,2.116388567966048,2.318631940140478,1.6439336378436995,2.376861749355063,1.5585570582838495,1.41378731889881,2.465720441654838,2.2381258987545003,1.751960142468423,1.741018241617601,2.246648028024945
2.4194793105073362,1.8414153735071743,2.1939063147533595,2.1051046990225823,2.3645889458232894,1.9113895021820981,1.4357499236562314,2.680170305872884,2.1431254537523383,2.156780934921407,2.6839233535231464,1.4287218568268245,2.7382841040737804,1.321548666201316,1.466259335074837,2.663601748397744,2.5678313490515787,1.6281685645502344,1.883680691236267,2.3867211326892135
2.22623356445729,1.7142870619491195,1.9608219306896768,2.012479408691866,2.060916100126847,1.9098483820765204,1.4857058757034838,2.3848635317733593,1.8900241818352839,2.079111494451469,2.364248049979403,1.5182974584879418,2.5553676571706125,1.1683287854746756,1.385989803764728,2.4441620809886087,2.204666222737154,1.7419365259975017,1.549938438033407,2.3436268586506936
2.1913002305885696,1.7464543200988567,1.891081387764869,2.067779141402383,1.958326929231304,2.004209328143388,1.5424238696315407,2.339407617145918,1.8151813827490648,2.1347168291112224,2.30256103278635,1.5969070364499416,2.508775615300756,1.248176391717849,1.3880499979579122,2.434176779927563,2.191172083190572,1.7466150962979123,1.6798522195318597,2.242765238116411
2.058576371049894,1.8553393694848135,1.4921058404134349,2.3353031949640655,1.9573322976070746,1.9618540027610276,1.8370517290641137,2.0749124791537126,1.748069046289663,2.150412858222626,1.9512171269144905,1.9679361206707948,2.4218576621491663,1.347080664138058,1.8477968386713672,2.065349291137302,1.8821965447837812,2.034049413905486,1.8761455176824853,2.039632037374677
2.6933371526065035,1.8926360212958802,2.26508195563031,2.38862719171393,2.7125297195008398,1.865025106410608,1.5110189709491337,2.9245440321781833,2.2590256309137224,2.3943557224422745,2.9300471886386923,1.500319832258343,3.175319866983033,0.8680321820416922,1.64479524013881,2.851453093553166,2.5764025329755693,2.0489719653509844,1.4589865586835944,2.950846378295185
1.25619234726295,1.2000982589731097,1.2059354215789335,1.2505897822601655,1.1796727870930273,1.275392943333331,0.8893703607718065,1.4924059119063136,1.1833487069144681,1.2719830511277046,1.4874844814739958,0.8975772734903252,1.4678306717456577,0.9293697668823643,0.8995797533527355,1.486274305728966,1.489763505223725,0.8937895406726398,1.269354481549727,1.1861678821658899
1.942481594807618,1.6348842649201727,1.6592498872419021,1.921710466625411,1.6978520238747346,1.887691662023856,1.5235778347475508,2.0309583667116082,1.6096317621219902,1.9634578926521384,1.9748389023927178,1.5956480236713377,2.2557194380536947,1.1652515276268232,1.317634208181483,2.1702353326954835,1.8943624888952548,1.6904058880980317,1.492223446755598,2.0541057642689102
2.780577789568373,2.0306500343847613,2.429720479354726,2.439592342624483,2.7852977503893777,2.024171150783363,1.45905531133482,3.1187032568767137,2.4297229440886414,2.4395898878616866,3.1174480878460753,1.4617352104853396,3.346200063589849,0.8112321125418187,1.6147456388170496,3.0410111686590513,2.7901628972714563,2.0174596433826193,1.6431636258386073,3.025750436620425
2.2628192569025813,2.0683307918266394,1.8882035717526804,2.4151667696968224,2.117618860553093,2.2167619663051745,1.7459865848034528,2.519895652505028,1.8512774905688592,2.4435864843996074,2.4771446032938793,1.8061278659605955,2.8180835510491127,1.2069583062947074,1.5411552178312358,2.6501290248550013,2.2726380925287395,2.0575372060341217,1.7819901223759433,2.4945649836358115
2.4164895768525216,2.0807253435587536,2.204606665492094,2.3040289236102054,2.486290509806285,1.9967972684305673,1.6212982874919284,2.745948232094027,2.195011666849616,2.313171764646681,2.7419602775299627,1.628033681105026,2.9395299141422346,1.2361244735978323,1.4077164970809264,2.8613238359561435,2.5461871840822234,1.9198361008117353,1.79507986727101,2.635626699759066
2.103599752000791,1.6574640305102222,1.8377621552430217,1.9480629327127768,1.8713959146205132,1.915775628771447,1.612749690076528,2.138073283639044,1.698227082827021,2.070831645548669,2.1156846881300693,1.6420101185635103,2.1273586983563155,1.6268570612013533,1.4762181468158975,2.234524314493896,2.121846576084203,1.6340397904006883,1.9408829591725374,1.8453434010629661
1.781370905818632,1.838655628928975,1.6154206226177321,1.9860395358377532,1.7146706164351657,1.9010106530535666,1.024081378497832,2.3463150163827704,1.7241480573282855,1.8924191666489742,2.3272433209751036,1.066712403071264,2.4266090230412316,0.8157851893630943,1.077123888612727,2.322442885082235,2.3277309325881097,1.0656479396882381,1.8647395765192907,1.7540476440655637
2.0428034449138024,1.718887279914138,1.7507897764383658,2.015528356119362,1.7703044574573796,1.9984097486523762,1.5861050969471586,2.1475311446031617,1.6282115802193855,2.115785066031475,2.0990131656747675,1.649776689714797,2.353017142177276,1.261320627050159,1.3198395533056433,2.3206988062073637,2.006424772975582,1.7612152128550917,1.6025346609024669,2.1352990554506737
2.3968391452219078,2.0927229356771195,2.0615247846569855,2.4237249711594995,2.378845605414745,2.1131542203956863,1.52291239678943,2.793754642999671,2.088111928954525,2.4008572939129387,2.788449413508551,1.5326046593564056,3.0518844039580215,0.9001826250572368,1.575756579790001,2.7642934675655666,2.5247760737036216,1.9364485408166339,1.7544441949634506,2.654477865859159
2.0709257610722065,1.7783009882141902,1.6972189796071397,2.1378811117125673,2.0038992426327757,1.8535036384997607,1.4653083597361622,2.303032636208914,1.7679514705132486,2.0797681386313487,2.2787382890236474,1.5028106077259515,2.582642485295173,0.883767902621744,1.4499754576942547,2.3127168189470146,2.0941380686134923,1.7509065258145033,1.5255163819143454,2.263600601048477
1.6904198697241422,1.4612980089388437,1.3347680158506565,1.7920115933634237,1.607827465683517,1.5517093953058783,1.2549199949727772,1.8488069161230278,1.433216084490467,1.714293691887312,1.806372424728414,1.3152679841262789,2.108096223241973,0.7408383902307873,1.245377839990326,1.8552480272318972,1.664343521391102,1.490929860754785,1.272118471094737,1.8370154605735916
1.8677246879613012,1.750115047911348,1.572380450372523,2.0196331127787004,1.6594977805886055,1.9486829673313646,1.5249296257633431,2.0556964336728196,1.5287822644941804,2.0528329154400087,2.0049107849011754,1.5911099696541509,2.2877349704953627,1.147853168187666,1.3017102234420332,2.20382591987942,1.9358534634295672,1.6744460454352148,1.6235324178322992,1.9787472499522238
1.9765481049983793,1.6761827421060544,1.7256485835051114,1.933511821156948,1.7373523225936742,1.9230023149973643,1.4874576137555156,2.1222160218949444,1.6542156910509223,1.9949690332904357,2.0790923927866642,1.5471605665099786,2.2619344707676667,1.2649045206100935,1.3214916322614363,2.2293476315213514,2.0360880320410493,1.6033329417454325,1.648342558734494,1.9998244436378603
2.0965744247186087,2.0958523860676443,1.931501754958771,2.248893619796364,2.1538765487179092,2.036918593231608,1.3915306516569756,2.6176065380550826,1.9779176697188217,2.208180978630074,2.6118146984791917,1.4023713928120654,2.726037182808092,1.1648788866304187,1.3380061228694617,2.6453659780328,2.4907533188099644,1.6075974145932033,1.9558932069841277,2.2277125724480142
2.088330446881913,1.5588247218899554,1.7964822396901694,1.8877791532451829,1.8997479290371324,1.7838207239149437,1.3802193312608166,2.2104418487178648,1.7222105499014448,1.9557733485139503,2.1841895666415465,1.4213987849732812,2.335055768930817,1.156967209964145,1.2454812899591827,2.2890685715615677,2.100693293091402,1.5421239435629384,1.5846728321514925,2.06878480852656
2.23860863437235,1.9881267182315345,1.8773240176889094,2.332310227701474,2.0416503150378875,2.1899042117723377,1.6882243974985334,2.472633181311624,1.8734737570453668,2.335404150740263,2.4195471152311,1.7634648345825876,2.7428785546306824,1.2002640126987179,1.528675953832362,2.5743283189615203,2.276864159931271,1.9441980513448207,1.7948725009462942,2.3963407877385317
2.760657805595271,2.061561806066145,2.3043058520133757,2.56153140527336,2.7721029323500623,2.046146117040762,1.636793388952218,3.0318601553678426,2.3020079372830797,2.56359670317125,3.0320015207866473,1.636531508334704,3.327228189761177,0.8948861229694903,1.7917536642534813,2.942938566545185,2.6188082941800936,2.238997927234046,1.5485508356219948,3.077865966756711
2.569313611844174,1.9082679016827155,2.308840591340456,2.2163289341564263,2.544013973783055,1.9418681010297418,1.3216351040671224,2.9148137971914765,2.290659396461171,2.2351148404510344,2.9144483737079345,1.3224407350015661,3.0341625495132556,1.018192734079127,1.4247666808534292,2.865815542865627,2.7190005595370255,1.6881631372108714,1.815600861433035,2.6356123259242676
2.572280016491787,1.5502784472243865,2.2328549568740175,2.008568268377895,2.483511920296496,1.688832818521909,1.4446734287941987,2.633041289328266,2.1527775555307085,2.0941672673343628,2.627560063256511,1.4546188026939855,2.788005852841578,1.1166965172742997,1.3691356677613544,2.6730984400944,2.418639337161637,1.780497543920171,1.4439787538014537,2.6334223181520744
2.1467118711720765,1.7189574189614714,1.9143396592045139,1.9744594539343032,2.0019740033826037,1.8855467524869363,1.499736118562317,2.305206724073448,1.8078295667840762,2.072423393878553,2.301928419156222,1.5047631106306194,2.3994492986057128,1.3438115676888462,1.4022070466009116,2.365798356685656,2.1974986865644057,1.6535374167467494,1.6880114593755469,2.1711296089940455
1.9709994471695387,1.6854636946344188,1.83398706041447,1.833607959435611,1.8022146702764479,1.8648455616789523,1.5372415112020978,2.088663501598671,1.71186639193148,1.948111943099993,2.0745202392597384,1.5562751888965685,2.1769946061598007,1.409369068563826,1.351903870568485,2.213138633573433,2.0021672519030544,1.648318228401392,1.6184145751409642,2.026415788934893
2.7617653298785236,2.2829224057856257,2.359736354905559,2.6964285237131884,2.776371287648274,2.265136843830704,1.9126496928004908,3.0299923433545586,2.3293131132007305,2.7227528108199937,3.0409683224753645,1.8951501549635656,3.3589630653782576,1.2475774819953092,1.901176448463701,3.037204398779247,2.6457265584600047,2.4164464459235253,1.7441485553860112,3.1300204895338855
1.8962752512430474,2.2759021758142297,1.862357702009417,2.3037392066201914,2.049608845337866,2.1388534600260973,1.5384368156065702,2.5315613179891856,1.9940091790745875,2.1907802117325956,2.5083450246400987,1.5760062752781443,2.63937504023517,1.345098486853814,1.3761881386086412,2.6232988296238213,2.4724347584003086,1.6317649670852832,2.1151084171057133,2.074103885113133
2.0106252568803376,1.8053819898188703,1.884256955187268,1.9369031415111788,1.8217933495443692,1.9957672821056507,1.6494892563040908,2.1403745574326107,1.7810906007393497,2.0321747771108196,2.108830580694779,1.6896306207849061,2.3036327209761054,1.4125488804341222,1.4166136919222614,2.301135306892198,2.012665659912164,1.8031070390239732,1.5839166200549928,2.1893437814744936
2.7952897251103597,2.0269040277139903,2.331058679579769,2.547184723813052,2.8041271001269323,2.014660217308236,1.6277752564959114,3.045050459222378,2.323140282717395,2.554408700988644,3.0458083572221923,1.626356675500856,3.3255624613933796,0.928772792582747,1.8035616341775305,2.944342034579818,2.6351451927599143,2.2311419493042255,1.5315026927383022,3.09458948602332
1.9854139030706046,1.921256959662164,1.6135229657946344,2.242685958936213,1.7378172488490902,2.1478100198013172,1.6418848201209064,2.2220060551251635,1.6084116585872237,2.246354515226181,2.1514122412513186,1.7333557164501265,2.508945325425509,1.1568448580435677,1.4029373694069855,2.380097352857181,2.080512424712905,1.8178461767079146,1.7727995507579022,2.1190277073197827
2.081585360904008,2.1133123663143283,1.8576048353418555,2.312658869799326,2.0400623295172386,2.1534234288758984,1.2808069707139507,2.6755598061186165,1.9051397821762999,2.273659865220868,2.664759601167262,1.3031281749443655,2.747599356167209,1.1179376325790598,1.3767858278014962,2.6274602864195464,2.5832729780900374,1.4580080565678522,2.110814001423572,2.084118764308106
1.6833551015576877,1.4362163481763823,1.5312023257818732,1.5974420910410427,1.6404572109644597,1.4850259040515432,1.088403448846848,1.926597967726449,1.4735283724297144,1.6507925164459747,1.9421684040702147,1.0603695992156468,1.8386103343045523,1.2312245267610207,1.161048911628943,1.8837110238873274,1.945103119214969,1.0549766122192448,1.6835294410479744,1.4360119838755148
1.7149563144478996,1.8090089358984427,1.3791198156926125,2.076443359350096,1.616228593414692,1.897733812855192,1.369284484641141,2.0829422677419993,1.5406798532744492,1.9595647680899348,2.0158920887072087,1.466208572240943,2.341700937309725,0.8544151279254686,1.2734308825316216,2.14288643610432,2.000477879541182,1.4871707178705322,1.7088592007199839,1.8147696059664975
1.0020551717174413,0.7166488709819345,0.9220146978125863,0.8170612391142523,1.0020717502271477,0.7166256894935132,0.6021000859444984,1.0747909833781542,0.9361054812315917,0.800878704582362,1.0745639648054206,0.6025051510045426,1.147936818841302,0.44714788537335626,0.6288533707136937,1.0593599999940426,1.0151204495579986,0.6980190859385716,0.6121916629900244,1.0690750858620084
1.4884903612202158,1.3230179894224814,1.253473872338284,1.5475087744973406,1.299984612813144,1.5086484554826063,1.2182199761684784,1.5754111353691342,1.377301918967438,1.4384086970640877,1.5027085156687903,1.3068463079939794,1.7516334527783235,0.9475021914955565,1.117129064075408,1.6486366518972568,1.5919740057340777,1.19649442992769,1.3727356315249335,1.4427671474367703
2.783850413496992,2.1275397372721025,2.439809261575174,2.5146727869707477,2.78759773318586,2.1226274605630344,1.5836522047199104,3.1254270352841367,2.4154589822781243,2.53807138657114,3.1344497780943086,1.5657180611475878,3.366713391998427,0.9703037640541581,1.6855718058548603,3.071660161167965,2.789916451078307,2.119578886100219,1.731230619685796,3.046159713452589
2.155490767117983,1.8073071221832662,1.8712713150041418,2.1002007396122635,2.0545699813511895,1.921260438554805,1.4596198973291958,2.4045808857981754,1.8243179361460864,2.141112689439982,2.3937034298487623,1.4773907306313725,2.580228681683316,1.1202318649476126,1.3951068875158146,2.4425757415955736,2.2307725880208586,1.7135206860612888,1.6358332714665031,2.288350713721222
1.3283127161849204,1.219486137716086,1.1661772208488357,1.3753515192973553,1.1319345626536284,1.4036685000135882,1.0142369202060808,1.4909341305876467,1.195446004052518,1.3499888753079132,1.442748365554295,1.081683070844075,1.6036334092571085,0.824573223416017,0.9180611519267492,1.5520067117713081,1.460977070730282,1.0569328790706731,1.2139471707805345,1.3333766829422935
1.0673729895133555,1.085632093115368,0.9763428020555759,1.168176730301969,0.959920181932777,1.1817086716542606,0.9251949389079406,1.2090891056344295,1.1086123563976804,1.0434849225490108,1.1595724810198151,0.9865464011420262,1.3081734255212192,0.7788224631485742,0.917713151458683,1.2147776389053697,1.2445945096908528,0.8768504130078962,1.0895044967227823,1.0634199979150145
2.6239718421590323,1.8821524730114418,2.3569303017442325,2.207397950716271,2.5633570096767926,1.9639060570830273,1.4999134929538964,2.859717761206758,2.3039163114673276,2.2626744772196763,2.862651875027339,1.4943059936000422,2.8465363878941914,1.5247808867181016,1.5860660075077575,2.812849228084391,2.7864519895008124,1.6319961612434981,2.142884365603522,2.415734413332422
2.7233877115088885,2.1796295015859437,2.418057699862877,2.5140847940185433,2.7201534977208444,2.1836644293980854,1.6139158502554152,3.092394059571928,2.3978625608749375,2.5333536134017485,3.099022125570617,1.6011518530748987,3.323314688306252,1.059813603361142,1.693896275013885,3.049318087847756,2.780489073101543,2.106301475512072,1.8101164633299913,2.981795395489626
0.9644937255823706,0.911146975107353,0.9255979238084612,0.9506342305937162,0.8450957166496776,1.0228637185057492,0.7273910291228135,1.1096572658648685,0.932722953447943,0.9436444505460662,1.0898165843873266,0.7567937429243069,1.1482399624471646,0.6648172271943431,0.6942881938270514,1.1306639026905438,1.101833545374424,0.7391886059881255,0.8946490747797511,0.9798163041768472
2.234425057961361,1.8610032249115827,1.6606897549342334,2.3870688889584684,2.102863713198165,2.0084702005485084,1.8980507348909448,2.2030414772665736,1.7323971621188177,2.335548846729524,2.123102210557404,1.9870645048168938,2.598485810771041,1.3053198205798096,1.932380541976347,2.172991896848247,1.780636205670451,2.2989830460080567,1.6388868348189438,2.402090399097021
1.8746295103925377,1.5339492520610438,1.7563340972099488,1.6680907193887615,1.8329526822789206,1.5835152584233947,0.9032618694977717,2.2475217694706746,1.7503767290848542,1.6743408898463326,2.2457776180654365,0.9075896646224747,2.2368985112100055,0.9292583923105902,1.0760012166694572,2.170128450313264,2.1812671185118364,1.0532378016536776,1.6375711217729734,1.7848240614325006
2.213140388666386,1.8080576352828428,1.993380748936857,2.0478027205321614,2.138267762964637,1.896015233672238,1.4951847470000301,2.4354640963868555,1.9193127913333305,2.117380740791614,2.440466729670714,1.4870053576975832,2.4690833451481065,1.4389893075222009,1.490917087803073,2.438078962984544,2.353115830353082,1.6216993190455224,1.900537536128524,2.134249251192912
2.940017248143574,2.0942023013700997,2.713082673472059,2.3808752813516376,2.9193184034470185,2.1229613180039535,1.4650063911966982,3.2989605896703833,2.6902020674853193,2.4066984718786957,3.2981746320364476,1.4667749640066738,3.3246837132669977,1.405653906615246,1.7296618899029255,3.1682257566440835,3.1158845199780503,1.822264623101346,2.196481220549658,2.8644117975979326
1.141624536858726,1.0656210209823882,1.1308447541025985,1.0770537988587578,1.121468368318492,1.0868134349457164,0.8148763166839882,1.3322279579805343,1.1148232664888371,1.0936287432271554,1.3332432283032682,0.8132141401260355,1.2563306917876471,0.9276248899150021,0.9041714213382711,1.2733140949320314,1.3361320671531434,0.8084589307086142,1.188058858281082,1.0135930607385293
1.6955680864934102,1.4661147219151827,1.6926002931331767,1.4695399829323605,1.7219434009166483,1.4350450995668969,1.1121461891517543,1.9461691518741604,1.683472497936265,1.4799877913157227,1.9442188563734557,1.115552128891004,1.882829544800141,1.216304410490668,1.1920943062425888,1.8982504257276909,1.9176073628755583,1.1607004418009002,1.5255959471830094,1.6422547060946833
1.2694170202673771,1.1410321589006398,1.1679580768272164,1.2446878684087959,1.2023069932782229,1.2115411065680937,0.8143605997999369,1.5000635894799423,1.2266600195471111,1.1868779024965639,1.4777624231281172,0.854161682458583,1.5915229984088899,0.616788865435765,0.8267375203786126,1.493277948470473,1.4603834887139189,0.8835462777250125,1.0822635079885934,1.3198786528564608
1.614854750075475,1.4691168120360296,1.571067626869351,1.5158517681657848,1.5575291926877206,1.5297590938359438,1.0856825023086045,1.8940310386657233,1.5285290688214637,1.5587363333854831,1.8965869651755065,1.0812113367767626,1.8525083091123844,1.1551073698655923,1.1222350796989713,1.8726047359603881,1.8739649920111972,1.1199621779170514,1.539223886316907,1.5481763139383409
2.8638717590939686,2.111888720812542,2.5766685928984763,2.454101543131784,2.8644116732185476,2.1111563627454357,1.447841424873624,3.2504754467694617,2.5759506162672454,2.454855157475409,3.2486719145278635,1.451883677637118,3.4342859313053316,0.9314051554879269,1.6458497241796042,3.154839791027294,2.950945719927917,1.988405084400642,1.8139804205222403,3.061259619109947
1.6303697897186877,1.373772409279344,1.4241807956473787,1.586526187944507,1.5462800997469495,1.467778640276215,1.1388319788492445,1.8023368185982453,1.476177680508494,1.5382638718025894,1.765990866909808,1.1944172393747818,1.9868775370700744,0.7730937436112687,1.0522214667635186,1.8542346854178302,1.7265014928604894,1.25081928306012,1.2499551745556277,1.727127194310292
2.692315099702147,1.8448172811284196,2.4111305111010775,2.199627481023024,2.6649842971223046,1.8840833561511476,1.3748217496093569,2.9600298230989672,2.3863777802153883,2.226457384934307,2.960071603062131,1.374731792597896,3.084208051283016,1.0675074206932982,1.476964230196006,2.9104102905871807,2.752390021631577,1.7539271836815695,1.7540737758256766,2.7522966020752357
2.548811320429185,2.0102153033554577,2.2641916776666253,2.326121398331917,2.5175903787357647,2.04918115301931,1.3809539477254185,2.937749292784192,2.254284485311648,2.335723907544648,2.939039600911276,1.3782056948321348,3.0894990658625385,0.9961928703955583,1.4914313605402612,2.883233811155361,2.7218233700221326,1.7689212123194755,1.873985708263814,2.6505814981274227
2.7972241877225192,2.0010946932115705,2.35464699145866,2.5068866494506885,2.803920523843264,1.9917009874853029,1.5867018588300377,3.0514292288638645,2.3453850189322765,2.515554062338447,3.0529067577951037,1.583857145006583,3.3164294762044766,0.9111194526194224,1.7519223275920721,2.9596640494596334,2.6666484477870918,2.1720564411391594,1.529253424055506,3.0806212186171034
2.7549519329084164,2.187585362973649,2.35469020677673,2.613565362305318,2.755744705069498,2.1865866078007965,1.6974057982991972,3.081250302853151,2.3393301409827996,2.627322660889173,3.0885239309959993,1.6841347335048307,3.3712434742146677,1.0049911992138967,1.7860422049470233,3.030733098621577,2.712450059008804,2.2400679789496354,1.7275989177405529,3.0644235758710052
1.9471306035885778,1.7274067414649579,1.8713435895333594,1.8092332098992117,1.9780907053013324,1.6918654791354664,1.5195145055584456,2.113368710208248,1.8843600382552947,1.795672265230019,2.1008126846309763,1.536827154231533,1.9846966557791927,1.6841112856425764,1.6242001705811706,2.0340170706692455,2.147503864575047,1.4708768777586523,2.0066188348292804,1.6579301823654047
2.7543977627252407,2.0574309909444577,2.373665030968673,2.487055214216402,2.757195452595615,2.0536802462872763,1.5509564899162913,3.068267146809587,2.3628663850334406,2.4973169130656014,3.0713153042291985,1.5449115249139709,3.3281952158469648,0.8618850985008872,1.6781928162597035,3.0005663114250334,2.7099498445010672,2.1156325668917906,1.613887049531624,3.0356379739946946
1.7529928863898232,1.3517011196214608,1.2626276432883785,1.8182000470034283,1.7600968235839114,1.342437763223703,1.3545927133246765,1.7507594230867145,1.300167405411768,1.7915481278559238,1.7436480157719103,1.363734421950958,2.056141401344068,0.819977142485134,1.5757910580708854,1.5546583283226814,1.2180607985891492,1.8483527443265795,0.9453645187758514,2.0015908430942964
0.9556171797826755,0.798735030285246,0.8677158146219729,0.8934489957213522,0.8402701880809391,0.9193083562782349,0.6664165497899379,1.0521743320698533,0.8862153589630568,0.8751023828321731,1.0357794603474455,0.691623273482697,1.1156698061739134,0.5535907572317562,0.6480827445093502,1.0635650422845777,1.031577338538811,0.697875373912671,0.7812043198937823,0.9700008523088318
2.3733788918929615,2.1342812994202256,2.193648690374395,2.318618004923763,2.327898041737847,2.183798236287191,1.3054094943065497,2.9127289749841587,2.188994646766856,2.323012368878822,2.9116360448695473,1.3078453929094103,2.933497974108709,1.258043586461952,1.4576265375288997,2.8396142179228256,2.8115458037732255,1.5110573195028425,2.177241546925758,2.3340315498892212
2.2063723195565523,1.7830993911261352,1.9187011404489338,2.0895234348481755,1.723691232207915,2.2530891653792393,1.826491429217188,2.1705877798734403,1.6795426488329002,2.286188693413368,2.085832171070986,1.9227132925283097,2.353795283648396,1.5834045641636638,1.3907064136309781,2.472540782722384,2.057092354201867,1.953431160144626,1.7644248369132667,2.221334564180585
2.786809420643932,2.0008423547989977,2.3239389865165716,2.5236846995406723,2.7978578525345545,1.985363521564274,1.6108352766222969,3.0290075251369935,2.316409412675621,2.530597618866964,3.0306157246237375,1.6078075772338876,3.304257477148841,0.9227997618407471,1.7836740330161165,2.930560325209394,2.626897866607051,2.206600207142809,1.5158735273553008,3.077629660113569
1.3888479580293673,1.0877831032909508,1.1639742331270915,1.3256450184509556,1.3351496077955,1.1530595193359088,1.078373008580897,1.3961670332348561,1.2022190811985303,1.2910615830121337,1.395885493603837,1.0787374189644148,1.5405492268001904,0.8595806013009893,1.1572769962236988,1.3314956568983196,1.2816715396912193,1.212224729443008,1.002167917553633,1.4518368349624724
1.0709861695602358,1.0656042751687687,1.082360138804412,1.0540495133410752,1.0534404706562095,1.0829529174580428,0.7574418826173023,1.3072129287550749,1.0697114021758878,1.0668839499693297,1.3079151642000353,0.7562286492211588,1.2778517873213842,0.8059892408008975,0.7895674522066038,1.2880633078631016,1.306042546476479,0.7594581709617043,1.1188813009353533,1.0151987396881827
1.508532810905273,1.1322731456803308,1.4605705966588576,1.1935020947539992,1.5154304634710636,1.123024589397077,0.9633302381643829,1.621637619890692,1.4581616938221533,1.1964439780768277,1.626342407784739,0.9553659459325172,1.613075400951638,0.97759985109006,1.0091283320311442,1.5935412537799691,1.6243418403887484,0.9587634241923758,1.1885660032086895,1.464590240996818
2.76703130397551,2.0576574750418737,2.424444521599864,2.452036966169253,2.769031416971168,2.0549650930375334,1.5014040105717184,3.1042233358467093,2.410877443850132,2.4653775517171326,3.107443736675364,1.4947273815559676,3.3349032082073724,0.8768335723866216,1.6243695272455683,3.0416837706658657,2.7765866101996934,2.0447452941224458,1.678442373891638,3.012183214763191
2.290384271587986,1.885157185677172,1.972776965457615,2.215361995432744,2.190647884885703,2.0001848841278895,1.525936257696764,2.5438546074204593,1.9272124336001133,2.2551119621927938,2.5214988232236024,1.5626008481790519,2.748707571530593,1.1154749716861845,1.3593033818509979,2.636659257912623,2.34238727308487,1.8201372445884214,1.7065200211981835,2.4264103411207376
1.1534658622675769,1.0682809233800874,0.9426687227255419,1.2582063844495037,1.1146136054350102,1.1087579254524695,1.0072543121314026,1.2071231823501658,1.0111202232995657,1.203886838830433,1.1933002583179968,1.0235927511333298,1.3924397832263853,0.7299445710209467,1.0436738796310139,1.1757773852436713,1.0891488919744021,1.1337823061705579,0.9236390696115915,1.272241524146076
2.4427218584755104,1.9823713607421742,2.115648731020311,2.3282432726622404,2.3804122715422027,2.0567750745417253,1.5112743785485727,2.759118707578102,2.1017271748856983,2.3408180561743395,2.750611054687533,1.5267040039233435,2.968383398961086,1.041818739770532,1.5094140011298693,2.7601368920685707,2.528526313139846,1.8716946795682918,1.7717275820639786,2.5995514352900497
1.9642539777527308,1.598156555268982,1.7535635827430949,1.8268587316877696,1.618967011367156,1.9471373552914915,1.5762322713362018,1.9818904841249332,1.556820583290329,1.9971749386846924,1.938970069669495,1.628739737709042,2.0941395341224127,1.4237196619742978,1.2762891834257064,2.1871177344937762,1.908120547998907,1.6647744707830534,1.5970422720527595,1.9651600559606346
2.772519969123668,2.0745874614298128,2.429244931127121,2.4677011931967145,2.779801913886671,2.0648199519239685,1.4942901327501341,3.1237600921768762,2.4232090275972986,2.4736285337298027,3.125049993241233,1.4915906456043058,3.3558790487516426,0.8537305924359686,1.6354538941296888,3.052223889967336,2.790021933672362,2.0509894499822354,1.6841299360323556,3.0256381926580307
2.6774192800425136,1.9988343228405074,2.4217452029324367,2.3019693358909827,2.6253109332195805,2.0667982860517315,1.4196867298192049,3.0246325794191753,2.3847667931190326,2.340256394873307,3.025186472966317,1.4185060645236092,3.127796552525332,1.1750750517814987,1.5489524121030422,2.9605166907735563,2.820069323526884,1.7919602846634917,1.9503690480440938,2.712927059052679
2.5423703690674406,2.0904721683332688,2.1369949816042664,2.503392384083305,2.5483897800255395,2.0831299789378237,1.5990063412145419,2.8769601493318944,2.1446245842012024,2.496859301788535,2.880811634736576,1.592056941586729,3.1681170740708504,0.8926114412603435,1.6834714213463267,2.8283643601202253,2.5366320404494966,2.097431493864135,1.6614898051256959,2.8413328927725967
2.758905938185207,2.1819064570047697,2.43804768139673,2.5353897661126448,2.764574953516025,2.1747190828391076,1.6282289669363916,3.1178755899012316,2.4159204766722806,2.556483133773482,3.125642779671117,1.6132684143571758,3.3531072991679083,1.0625202130498972,1.7113866638545945,3.073016994689965,2.7938403871365844,2.1369917299973817,1.8116303402537148,3.0150080054860404
1.857703516032947,1.5689347720726088,1.670901105980138,1.76655262206764,1.6950800442487548,1.7433652273948055,1.4243037268158665,1.9707809533984582,1.5941559570009691,1.8361060582814999,1.9470858945856826,1.4565284726379961,2.08841678336402,1.2454453064920925,1.2662326278556977,2.0758789956674635,1.8969872934065277,1.5212027745024257,1.5310734875128982,1.8890295520014484
2.131399351956581,1.907709231062635,1.875821362657016,2.1595165947966453,1.9672328458519817,2.076586775938736,1.524776672408978,2.42018053191904,1.849453225686488,2.182141258901533,2.383475827667335,1.5815374439854513,2.5816515690788346,1.2317844306839218,1.4248712884358352,2.4803143992634737,2.2879636774474554,1.7168109734282453,1.8340535246697325,2.1951003112498193
1.7429489365832163,1.3690123846386444,1.5074172650941695,1.6247335454549359,1.6363402986884321,1.4948097978401145,1.0734067990159608,1.9390368095157091,1.528371092269787,1.605038226692626,1.9317146717257339,1.0865285692838877,2.064743477623136,0.8055434665139241,1.1027022720555322,1.9225279202222574,1.8252429364673066,1.2572009098416828,1.3013073358820495,1.7940638568373521
2.358520180709474,1.6640272544758532,2.0266083341434493,2.0553498014772598,2.2511783267466234,1.8065990943312709,1.3961989249981748,2.5263081182401796,1.9548629032866673,2.123703175070829,2.5194882194044954,1.408468408852063,2.696353651020317,1.0301850004158,1.328365021185428,2.562625707539697,2.325659720232467,1.709652307383153,1.5198083812579346,2.4539328904251705
2.3480940493398315,1.7010101265071205,2.0773570620920636,2.022762653303923,2.1368520677453713,1.959807224090479,1.532329079259207,2.4614931866412975,1.9452240798720173,2.150135901312045,2.443512509738035,1.5608419938541591,2.538775598830333,1.4005711598517872,1.398452853293178,2.5399430568697925,2.3414214142070993,1.7101832872874547,1.7696714395765438,2.29678995795697
1.114822868027372,0.7767784442261754,1.128314572943089,0.7570475566141585,1.1003310865097153,0.797173932433545,0.5156795560140202,1.2570956105246711,1.140588056544051,0.7384264782361731,1.2572376014767972,0.5153332823756706,1.2660794530577788,0.4932115134869912,0.49779877642821385,1.264282862605432,1.2731836503444482,0.4745715657166987,0.7633843959735191,1.1240369399959051
1.4486382093413857,1.1596019346476665,1.3357834542817462,1.287987527761645,1.4059841629960628,1.2109656649990903,0.6741528223225686,1.7287993754501831,1.3804191402443478,1.2400291551610725,1.7151891346255987,0.7080646445521184,1.7792228055756742,0.5268733401130239,0.6989211434403507,1.7189352936205773,1.711085498078743,0.7179245967837066,1.1966335835417565,1.4182021630016086
2.5713436080799075,2.1242443958713872,2.2039386758272186,2.5033730280158726,2.5342470319247754,2.1683667091580374,1.6808577105294005,2.880788010451004,2.1937058275725407,2.5123449098956665,2.879183160345112,1.68360521898381,3.1511494710553323,1.0929223281057494,1.669734862517697,2.88724915674027,2.59595738115804,2.094093474373931,1.790792517967484,2.813766934519643
1.3961367870168824,1.0313002366184725,1.0957344902024524,1.3461589925012245,1.3667957192173006,1.0698820346376523,1.0236846791669918,1.4017302820977773,1.1502626742428868,1.2998745656234463,1.3996341563988866,1.0265487491360152,1.5645278876483126,0.7516851700558219,1.2168689744837595,1.2377431094738456,1.130156826470433,1.3173927484594032,0.9171527226221738,1.4736380116900738
1.7770654861108883,1.7110775759640289,1.480549271406992,1.9732516483788098,1.6106658408522079,1.8685565985555042,1.4268256561967427,2.012440498427767,1.6259951047862016,1.8552326355755966,1.9422784219166924,1.5209545504880377,2.2480251741809134,1.0159384967321292,1.3158181570171321,2.086712915222768,1.9746895039281136,1.4786309803225437,1.6736407017636517,1.8123672404602598
1.7914389115773182,1.8443164383656014,1.59116771183491,2.0196390300132747,1.7926437175167544,1.8431454095612245,1.1923587492228176,2.2779458096914205,1.6967671681530014,1.931770606417063,2.2555531156223543,1.2341947339642936,2.3670627892727767,1.0038776072704705,1.1878860013566206,2.2802814182727276,2.239250122402626,1.2635328994761976,1.8655438890536176,1.7693226095750902
2.7683647450987348,2.138871928261112,2.416076411283726,2.530057561054164,2.7706884024674365,2.1358610122949093,1.5734757207585046,3.124546470064495,2.404058540305645,2.541479691477483,3.127991125219442,1.566616739332694,3.375920909073271,0.9174826990689758,1.699246565451496,3.0579695219557514,2.775246283403329,2.129935340301438,1.7203905822421113,3.0461242147919116
