0.27187,0.29616,0.29482,0.27332,0.28536,0.28319,0.32221,0.24043,0.27719,0.29119,0.25939,0.30715,0.27737,0.29101,0.18836,0.35517,0.31142,0.25425,0.22409,0.33378
0.31455,0.27265,0.32356,0.26189,0.35273,0.22104,0.33656,0.24496,0.28735,0.30117,0.27297,0.31427,0.25094,0.33213,0.2121,0.35818,0.33067,0.25286,0.26223,0.32329
0.2959,0.29625,0.29451,0.29764,0.30064,0.29144,0.34889,0.23151,0.26158,0.32696,0.2621,0.32654,0.2544,0.33257,0.21258,0.36074,0.31202,0.27922,0.24065,0.34265
0.26956,0.31684,0.26373,0.32172,0.27503,0.31211,0.34641,0.23033,0.25251,0.33059,0.24131,0.33886,0.26348,0.32192,0.18079,0.37466,0.29511,0.2932,0.24058,0.33938
0.3128,0.30046,0.30305,0.3103,0.3482,0.25862,0.36791,0.22971,0.27371,0.33647,0.26178,0.34582,0.27355,0.33659,0.19979,0.38498,0.35043,0.25559,0.2799,0.33134
0.31861,0.2806,0.27554,0.323,0.33988,0.25442,0.34613,0.24585,0.26475,0.3319,0.2474,0.34503,0.27486,0.32357,0.17538,0.38664,0.3428,0.25048,0.29247,0.30775
0.34604,0.30195,0.31415,0.33501,0.36995,0.27214,0.39445,0.23522,0.25566,0.38152,0.29144,0.35494,0.27464,0.36809,0.27032,0.37128,0.36506,0.27866,0.29674,0.35052
0.33201,0.27692,0.30148,0.30988,0.35542,0.24615,0.37634,0.21281,0.23167,0.36503,0.25773,0.34712,0.2647,0.34183,0.21214,0.37671,0.35287,0.24979,0.28444,0.32559
0.30412,0.29809,0.29776,0.30445,0.31487,0.28671,0.34974,0.24296,0.27556,0.32468,0.27438,0.32568,0.26149,0.33612,0.21339,0.36853,0.33186,0.26687,0.26095,0.33654
0.31946,0.27971,0.29284,0.30747,0.31956,0.2796,0.32686,0.27102,0.29008,0.31007,0.26557,0.3313,0.26954,0.32809,0.18379,0.38277,0.33737,0.25782,0.27587,0.32278
0.30865,0.34124,0.30525,0.34428,0.32081,0.32984,0.38429,0.25305,0.28827,0.35863,0.28926,0.35782,0.2706,0.37213,0.24477,0.38961,0.33968,0.31036,0.29003,0.3572
0.29936,0.27999,0.29059,0.28909,0.31091,0.26711,0.33692,0.23344,0.26354,0.31394,0.2629,0.31448,0.26069,0.31631,0.19063,0.36287,0.32748,0.24651,0.24696,0.32714
0.2325,0.35723,0.19157,0.38075,0.22972,0.35903,0.28081,0.32065,0.31231,0.29005,0.20252,0.37504,0.36197,0.22506,0.17015,0.39079,0.34575,0.24925,0.33543,0.26298
0.27366,0.24741,0.27555,0.2453,0.30549,0.20682,0.28234,0.23745,0.26366,0.25804,0.24689,0.27413,0.2594,0.26232,0.17979,0.32214,0.31225,0.19647,0.24837,0.27278
0.2634,0.29481,0.24089,0.31348,0.28008,0.27901,0.34164,0.19894,0.21799,0.32981,0.20727,0.33665,0.25411,0.30285,0.20314,0.33915,0.27652,0.28254,0.25341,0.30344
0.28407,0.25924,0.28097,0.2626,0.32452,0.20636,0.3209,0.21195,0.24154,0.29927,0.2392,0.30114,0.2563,0.28673,0.18925,0.33479,0.32044,0.21266,0.25956,0.28378
0.36239,0.2674,0.33643,0.29941,0.35819,0.27299,0.34243,0.29252,0.31023,0.32648,0.32954,0.30697,0.27649,0.3555,0.2811,0.35187,0.36238,0.26741,0.27712,0.35501
0.31487,0.30225,0.32597,0.29025,0.34933,0.26166,0.34425,0.26831,0.31048,0.30676,0.25807,0.35199,0.27553,0.3385,0.16849,0.40263,0.33799,0.27615,0.2855,0.33013
0.32339,0.26817,0.29194,0.3021,0.33416,0.25463,0.33625,0.25186,0.26904,0.32267,0.2735,0.31889,0.24455,0.3416,0.23613,0.34748,0.3305,0.25937,0.28119,0.31214
0.29262,0.29395,0.29931,0.28714,0.3008,0.28557,0.34358,0.23235,0.26562,0.31856,0.26352,0.32029,0.27008,0.31478,0.2053,0.36039,0.3253,0.25732,0.24645,0.33361
0.27029,0.25007,0.26417,0.25652,0.3027,0.20967,0.2842,0.23414,0.25562,0.26504,0.23802,0.28096,0.2505,0.26989,0.16622,0.32857,0.30343,0.20861,0.25162,0.26884
0.29134,0.29632,0.30853,0.27837,0.29271,0.29496,0.32809,0.25503,0.28622,0.30127,0.27761,0.30922,0.28309,0.3042,0.19006,0.36954,0.31856,0.26684,0.21735,0.35418
0.30139,0.31471,0.27988,0.33398,0.30912,0.30712,0.37952,0.2141,0.24766,0.35853,0.236,0.36631,0.25875,0.35061,0.18335,0.3953,0.31359,0.30255,0.2623,0.34796
0.29881,0.33019,0.27816,0.34777,0.29984,0.32926,0.38243,0.22818,0.25736,0.36343,0.2462,0.37108,0.26577,0.35732,0.19421,0.40075,0.3168,0.31298,0.27008,0.35408
0.33943,0.29712,0.29666,0.33983,0.33551,0.30154,0.37046,0.2574,0.27273,0.35932,0.288,0.3472,0.25204,0.37412,0.27654,0.3564,0.32374,0.31414,0.28663,0.34834
0.29373,0.28786,0.26801,0.31195,0.31129,0.26877,0.35882,0.20097,0.22544,0.34398,0.22756,0.34258,0.2524,0.32471,0.1785,0.37051,0.31166,0.26834,0.25171,0.32524
0.31622,0.30194,0.32281,0.29489,0.32551,0.2919,0.36477,0.24105,0.2777,0.3377,0.28038,0.33548,0.26777,0.34564,0.19872,0.38945,0.34153,0.27299,0.24048,0.36514
0.33588,0.29462,0.28509,0.34401,0.32499,0.30659,0.39174,0.21484,0.23085,0.38253,0.23958,0.37712,0.24608,0.37291,0.19774,0.40064,0.32162,0.31013,0.2721,0.35437
0.26288,0.2751,0.23177,0.30178,0.27552,0.26244,0.28547,0.25158,0.26242,0.27554,0.21361,0.31489,0.26678,0.27132,0.18036,0.33505,0.29522,0.24006,0.27539,0.26258
0.23957,0.36394,0.18381,0.39504,0.22912,0.37061,0.28837,0.32663,0.31357,0.30253,0.21726,0.37768,0.37644,0.2194,0.19592,0.38918,0.35,0.25951,0.34611,0.26468
0.2723,0.27524,0.26264,0.28448,0.28587,0.26112,0.32343,0.21284,0.23203,0.30995,0.23505,0.30767,0.26836,0.27909,0.19773,0.33288,0.3005,0.24415,0.24446,0.30025
0.27971,0.24517,0.26483,0.26118,0.31047,0.20483,0.28949,0.23354,0.25585,0.26999,0.23493,0.28837,0.26879,0.2571,0.15659,0.33738,0.32046,0.18882,0.25065,0.27482
0.22514,0.35386,0.18423,0.37678,0.24002,0.34394,0.27495,0.31671,0.30533,0.28754,0.20999,0.36306,0.35469,0.22384,0.2118,0.362,0.33427,0.25331,0.34575,0.2374
0.30895,0.29738,0.29436,0.31183,0.31818,0.28749,0.36847,0.21935,0.25227,0.34677,0.24373,0.35282,0.26001,0.341,0.17683,0.39066,0.32291,0.28216,0.25705,0.34324
0.30835,0.3131,0.32736,0.29317,0.30428,0.31706,0.36704,0.24164,0.28262,0.33651,0.27963,0.339,0.27082,0.34608,0.2174,0.3819,0.32928,0.29102,0.23131,0.37364
0.28269,0.32739,0.27204,0.33629,0.28912,0.32172,0.36928,0.22522,0.25112,0.35219,0.2553,0.34917,0.25925,0.34624,0.20686,0.37987,0.31768,0.29355,0.26142,0.34461
0.31241,0.25876,0.27469,0.2985,0.30724,0.26487,0.31808,0.25176,0.26759,0.30487,0.24124,0.32612,0.2516,0.3182,0.19612,0.35509,0.31327,0.25772,0.27986,0.29365
0.30341,0.27974,0.29695,0.28659,0.30474,0.27829,0.32404,0.25556,0.27158,0.31074,0.28762,0.29595,0.25492,0.32454,0.24167,0.33453,0.32306,0.2568,0.25045,0.32801
0.30139,0.29007,0.27823,0.31235,0.3009,0.29058,0.34491,0.23668,0.25868,0.32873,0.25538,0.3313,0.24872,0.33633,0.20544,0.36438,0.31575,0.27437,0.25895,0.32852
0.29011,0.26681,0.27881,0.27859,0.35657,0.16796,0.33555,0.20679,0.24897,0.30556,0.23341,0.3176,0.25057,0.30425,0.19899,0.34023,0.32347,0.22521,0.28646,0.27073
0.32445,0.27575,0.29205,0.30987,0.32149,0.2792,0.33843,0.2584,0.27197,0.32763,0.27929,0.32141,0.25377,0.34192,0.25145,0.34362,0.31808,0.28308,0.26911,0.32998
0.27313,0.24781,0.22073,0.29545,0.30997,0.19983,0.32533,0.17369,0.19335,0.31405,0.19731,0.31157,0.24029,0.27977,0.18491,0.31909,0.28696,0.23166,0.26268,0.25886
0.36051,0.27969,0.30667,0.33785,0.39627,0.22618,0.38463,0.24546,0.27434,0.36459,0.2693,0.36833,0.28498,0.35634,0.18714,0.41613,0.39303,0.23177,0.323,0.32227
0.28435,0.28364,0.28036,0.28758,0.28794,0.27999,0.34531,0.2051,0.23036,0.329,0.2388,0.32292,0.24865,0.3154,0.21556,0.33888,0.30041,0.26657,0.23759,0.32382
0.35432,0.28771,0.34593,0.29774,0.35198,0.29057,0.39817,0.22311,0.26976,0.36817,0.23904,0.38882,0.25259,0.38016,0.21333,0.4035,0.31253,0.33264,0.27346,0.36543
0.2841,0.29482,0.31735,0.2587,0.34147,0.22591,0.31874,0.25699,0.30975,0.26776,0.26385,0.31308,0.26761,0.30987,0.18899,0.36321,0.31516,0.26136,0.26576,0.31146
0.34979,0.34983,0.33235,0.36644,0.36274,0.3364,0.4092,0.27802,0.31018,0.38539,0.29349,0.39825,0.30019,0.39322,0.20158,0.45178,0.38029,0.31642,0.29443,0.39755
0.29039,0.29197,0.29799,0.28421,0.29709,0.28515,0.35266,0.21262,0.26252,0.31726,0.2187,0.34892,0.24401,0.33171,0.23539,0.33788,0.2956,0.2867,0.27098,0.31007
0.27527,0.38852,0.1789,0.44126,0.28367,0.38243,0.29758,0.3717,0.34713,0.32591,0.24132,0.41047,0.40408,0.25187,0.23072,0.41651,0.39005,0.27309,0.39485,0.2661
0.28836,0.28559,0.25633,0.31465,0.31967,0.25004,0.34395,0.21543,0.24101,0.32654,0.23661,0.32974,0.25775,0.31349,0.20656,0.34935,0.32064,0.2488,0.27949,0.29427
0.30506,0.30697,0.28086,0.32925,0.34096,0.26652,0.37695,0.2126,0.24632,0.35583,0.25752,0.34781,0.25499,0.34967,0.23647,0.36245,0.33862,0.2695,0.29521,0.31645
0.22827,0.3684,0.18409,0.39235,0.22307,0.37158,0.29447,0.31799,0.30818,0.30472,0.19661,0.38623,0.36934,0.22676,0.18916,0.38993,0.34495,0.26237,0.346,0.26099
0.27612,0.27105,0.27438,0.27282,0.28822,0.25815,0.32404,0.21145,0.23673,0.30606,0.24928,0.29592,0.24177,0.30209,0.21883,0.3191,0.30135,0.24269,0.2376,0.30538
0.32057,0.30904,0.31091,0.31875,0.35188,0.27285,0.37232,0.24423,0.28561,0.34161,0.27238,0.35225,0.28543,0.34176,0.19586,0.39988,0.35799,0.26479,0.27906,0.34698
0.32764,0.32924,0.32647,0.33039,0.34284,0.31338,0.40047,0.23531,0.28071,0.37006,0.27564,0.37386,0.26441,0.38188,0.21689,0.41073,0.34994,0.30543,0.27957,0.37093
0.3456,0.3455,0.36799,0.32155,0.34986,0.34118,0.40255,0.27706,0.32221,0.36741,0.31641,0.37241,0.29651,0.38845,0.22641,0.43307,0.36972,0.31955,0.26086,0.41323
0.32738,0.35672,0.31418,0.3684,0.32682,0.35723,0.40785,0.26094,0.2991,0.38075,0.28736,0.38969,0.28286,0.39296,0.23053,0.42578,0.35088,0.33364,0.29423,0.38453
0.30691,0.2524,0.25422,0.30541,0.33875,0.20773,0.3481,0.19164,0.21394,0.33486,0.2251,0.32746,0.24507,0.3128,0.19371,0.34695,0.32393,0.23016,0.27741,0.28451
0.25522,0.33073,0.20705,0.36284,0.26142,0.32585,0.29793,0.29285,0.29312,0.29766,0.20848,0.36202,0.34026,0.24237,0.17205,0.38068,0.34137,0.2408,0.32778,0.259
0.28295,0.42192,0.22181,0.45703,0.26061,0.43607,0.30281,0.4079,0.35927,0.35916,0.27887,0.42463,0.43076,0.2693,0.218,0.45886,0.42403,0.27977,0.43741,0.25836
0.31204,0.25648,0.2704,0.30006,0.33755,0.22183,0.34662,0.20738,0.22714,0.33401,0.24286,0.32275,0.24463,0.32142,0.20516,0.34794,0.33039,0.23237,0.27476,0.29607
0.23279,0.36043,0.216,0.37073,0.23916,0.35623,0.32905,0.27536,0.27245,0.33147,0.20659,0.37606,0.33935,0.26256,0.18633,0.3865,0.3291,0.2753,0.31748,0.28863
0.26974,0.29922,0.26141,0.30653,0.27615,0.29332,0.33828,0.21877,0.23764,0.32531,0.23167,0.32958,0.27355,0.29574,0.19376,0.3532,0.29663,0.27259,0.24857,0.31703
0.29135,0.26619,0.26628,0.29126,0.30154,0.25459,0.31142,0.2424,0.25584,0.30047,0.25746,0.29909,0.23751,0.31516,0.22469,0.32443,0.30075,0.25552,0.25842,0.29826
0.2945,0.28344,0.26144,0.31419,0.30343,0.27386,0.3467,0.2165,0.23797,0.33232,0.22769,0.33945,0.25192,0.32188,0.17736,0.36826,0.30914,0.2674,0.26009,0.31531
0.30132,0.32851,0.27724,0.34907,0.28908,0.33933,0.38181,0.23008,0.25181,0.36784,0.26719,0.35683,0.25993,0.36215,0.24448,0.37275,0.31643,0.31399,0.27113,0.35383
0.28587,0.28467,0.27781,0.29254,0.29733,0.27268,0.34469,0.20964,0.24488,0.32062,0.23657,0.32679,0.25132,0.31559,0.19121,0.35524,0.29898,0.27086,0.23667,0.32672
0.28847,0.26189,0.25802,0.29194,0.31401,0.23066,0.33001,0.20712,0.22722,0.31651,0.2331,0.3122,0.24845,0.30013,0.18366,0.34362,0.3148,0.22958,0.25752,0.29238
0.296,0.31942,0.27087,0.341,0.31045,0.3054,0.36549,0.23679,0.24925,0.3571,0.26193,0.34791,0.24803,0.35795,0.26652,0.34441,0.29345,0.32177,0.27879,0.33455
0.30809,0.32097,0.30233,0.32641,0.32243,0.30657,0.38385,0.22495,0.25564,0.36414,0.28527,0.34141,0.26049,0.36068,0.26243,0.35927,0.33667,0.29086,0.28088,0.34504
0.27687,0.29005,0.2552,0.30929,0.29986,0.26622,0.33698,0.21733,0.24848,0.31471,0.23247,0.32672,0.26573,0.3003,0.18036,0.35813,0.30764,0.25719,0.26144,0.30404
0.30407,0.24999,0.26689,0.28935,0.34801,0.18395,0.33422,0.20796,0.23477,0.31597,0.22359,0.32397,0.24399,0.3089,0.18465,0.34764,0.32306,0.2249,0.28421,0.27235
0.32456,0.28052,0.3057,0.30097,0.33064,0.27333,0.33312,0.2703,0.28657,0.31923,0.29258,0.31374,0.25546,0.34463,0.27772,0.32696,0.32593,0.27893,0.28604,0.3197
0.34038,0.34977,0.35962,0.32995,0.37675,0.31025,0.39634,0.28479,0.33684,0.35318,0.32732,0.36202,0.30771,0.37882,0.25211,0.41789,0.38538,0.29946,0.29534,0.38854
0.29648,0.27648,0.27658,0.29639,0.30702,0.26473,0.34074,0.21963,0.24639,0.32192,0.24258,0.3248,0.25362,0.31626,0.18304,0.36171,0.30816,0.2634,0.23953,0.32706
0.29465,0.31684,0.31118,0.30062,0.2991,0.31264,0.3447,0.26151,0.29794,0.31375,0.27952,0.33027,0.28976,0.32132,0.18364,0.39177,0.32662,0.28377,0.23085,0.36595
0.28624,0.2875,0.28368,0.29002,0.29819,0.27508,0.33933,0.22235,0.25623,0.31454,0.24659,0.32214,0.25648,0.31433,0.1912,0.35781,0.31116,0.26032,0.2419,0.32568
0.2978,0.25605,0.27463,0.28075,0.31631,0.23279,0.31211,0.23839,0.25014,0.30277,0.26438,0.29043,0.2447,0.30719,0.24006,0.31083,0.31203,0.2385,0.26754,0.28752
0.30745,0.28648,0.29428,0.29999,0.31274,0.2807,0.34443,0.24077,0.26952,0.32242,0.27613,0.31678,0.25915,0.33082,0.23036,0.35147,0.32623,0.26489,0.26284,0.3279
0.27761,0.25354,0.28189,0.24877,0.32507,0.18889,0.30079,0.22556,0.26392,0.26777,0.24326,0.28667,0.24767,0.28287,0.18966,0.32463,0.30754,0.21627,0.25456,0.27668
0.27676,0.28822,0.2521,0.31001,0.30373,0.25964,0.32867,0.22724,0.24819,0.31315,0.23658,0.32201,0.2597,0.30368,0.1953,0.3486,0.30705,0.2557,0.27787,0.28714
0.33917,0.27589,0.26183,0.35014,0.35684,0.25262,0.36524,0.24031,0.2442,0.36266,0.23425,0.36916,0.26017,0.35138,0.2052,0.38606,0.34656,0.26655,0.32293,0.29473
0.28213,0.28253,0.26368,0.29982,0.29957,0.26397,0.32997,0.2248,0.25211,0.30961,0.23758,0.3209,0.25903,0.30384,0.17848,0.35716,0.30368,0.25923,0.25394,0.30811
0.31956,0.34091,0.3499,0.30968,0.3255,0.33524,0.35959,0.29838,0.3433,0.31699,0.32233,0.33829,0.31844,0.34195,0.20668,0.41907,0.36161,0.29594,0.2431,0.39905
0.31318,0.27949,0.29056,0.30294,0.31808,0.27391,0.33496,0.25298,0.26611,0.32463,0.27972,0.31298,0.24765,0.33893,0.25896,0.33037,0.31552,0.27685,0.27078,0.32074
0.30106,0.29446,0.27183,0.32164,0.28938,0.30595,0.32984,0.26182,0.27383,0.31994,0.27328,0.32041,0.25543,0.33482,0.25262,0.33694,0.30625,0.28906,0.28107,0.3136
0.29299,0.26,0.26075,0.29233,0.31161,0.23738,0.33542,0.20235,0.2231,0.32198,0.22816,0.31842,0.24392,0.30651,0.18299,0.34636,0.30933,0.24034,0.25093,0.3008
0.29484,0.3217,0.27479,0.33898,0.28984,0.32621,0.37893,0.21641,0.24533,0.36088,0.24222,0.36298,0.26064,0.34998,0.20441,0.38553,0.30987,0.30724,0.26158,0.34928
0.3916,0.33669,0.33766,0.39077,0.4119,0.31153,0.42792,0.28914,0.30752,0.4149,0.30227,0.41875,0.31545,0.40891,0.22295,0.46584,0.41158,0.31195,0.33877,0.38981
0.31486,0.2853,0.314,0.28624,0.32574,0.27281,0.32093,0.27845,0.29905,0.30183,0.29552,0.30528,0.26992,0.32814,0.26365,0.3332,0.3261,0.27238,0.2711,0.32717
0.31702,0.25483,0.2736,0.30097,0.34811,0.21038,0.31988,0.25123,0.26887,0.3052,0.24775,0.32258,0.28174,0.29336,0.15466,0.37619,0.35633,0.19613,0.29194,0.28321
0.29482,0.27675,0.28063,0.29113,0.30825,0.26171,0.33674,0.22387,0.25576,0.31321,0.24539,0.3214,0.25181,0.31639,0.19352,0.35505,0.31214,0.25705,0.2533,0.3152
0.31349,0.34058,0.31255,0.34144,0.31197,0.34197,0.3842,0.25819,0.30635,0.34702,0.28985,0.36091,0.2737,0.37331,0.27343,0.37351,0.33795,0.31632,0.29132,0.35972
0.21655,0.3553,0.16486,0.38204,0.23247,0.3451,0.27974,0.30803,0.29254,0.2959,0.19563,0.36724,0.35252,0.22104,0.19203,0.36913,0.32805,0.25596,0.33447,0.24751
0.26562,0.26142,0.24233,0.28314,0.31546,0.19843,0.31997,0.19108,0.22308,0.29854,0.21354,0.30544,0.25204,0.27453,0.16921,0.33205,0.3077,0.21027,0.26412,0.26293
0.33992,0.34482,0.34065,0.3441,0.35806,0.32594,0.41495,0.24954,0.29911,0.38077,0.28562,0.39099,0.28197,0.39363,0.21878,0.43195,0.37135,0.31072,0.29532,0.38371
0.27603,0.26943,0.25074,0.29311,0.28816,0.25642,0.30553,0.23545,0.24157,0.30072,0.24572,0.29733,0.25726,0.28741,0.23389,0.30672,0.28994,0.2544,0.26768,0.27773
0.28953,0.25916,0.26006,0.28872,0.31261,0.23079,0.34226,0.18398,0.19838,0.33412,0.22695,0.31541,0.24393,0.30247,0.20863,0.32782,0.30461,0.24125,0.25484,0.29334
0.35621,0.26848,0.3305,0.29955,0.34725,0.27996,0.34358,0.28446,0.29171,0.33745,0.31745,0.31335,0.27317,0.35262,0.26138,0.36145,0.34903,0.27775,0.26216,0.36088
0.35752,0.29328,0.31084,0.34237,0.36912,0.27855,0.36402,0.28518,0.29936,0.35245,0.28834,0.36152,0.28814,0.36168,0.20379,0.4151,0.36849,0.27938,0.30404,0.34842
0.25901,0.2141,0.21387,0.2592,0.28971,0.17026,0.24806,0.22669,0.23396,0.24122,0.20897,0.26316,0.25706,0.21644,0.15827,0.29643,0.29153,0.16713,0.25567,0.21807
0.27387,0.2504,0.25597,0.26867,0.29213,0.22883,0.30714,0.20826,0.23209,0.28955,0.23265,0.2891,0.2467,0.27721,0.19016,0.31866,0.29565,0.22427,0.24164,0.28163
0.30757,0.35227,0.30232,0.35679,0.32675,0.33456,0.41839,0.20892,0.24851,0.39615,0.26233,0.38714,0.26921,0.38239,0.2334,0.40523,0.3487,0.31161,0.28312,0.3722
0.32206,0.26695,0.27626,0.31412,0.32966,0.25751,0.36202,0.20959,0.22919,0.34994,0.23018,0.34929,0.25208,0.33383,0.18453,0.37541,0.32632,0.26173,0.27619,0.31417
0.33714,0.27336,0.33602,0.27474,0.37013,0.2267,0.36419,0.23612,0.28968,0.32322,0.25626,0.35031,0.26294,0.34533,0.16906,0.39976,0.34763,0.2599,0.27142,0.33871
0.28584,0.27923,0.26336,0.30053,0.28906,0.2759,0.33404,0.21931,0.2391,0.32016,0.23358,0.32421,0.2441,0.31637,0.18436,0.35452,0.29795,0.26627,0.24506,0.31563
0.26572,0.29429,0.27055,0.28986,0.27339,0.28719,0.33684,0.20918,0.23493,0.31941,0.23803,0.31711,0.25565,0.30308,0.2201,0.32981,0.29241,0.2678,0.23968,0.31586
0.30726,0.2434,0.23425,0.31429,0.32626,0.21727,0.32367,0.22111,0.2285,0.31849,0.21526,0.32759,0.24271,0.3078,0.2079,0.33231,0.30279,0.24893,0.30027,0.25197
0.31383,0.29662,0.29855,0.31199,0.31073,0.29986,0.36056,0.23764,0.26576,0.34037,0.25643,0.34744,0.26442,0.3414,0.18014,0.39246,0.32333,0.28624,0.24803,0.35349
0.30476,0.29907,0.2875,0.3157,0.30573,0.29808,0.33587,0.26366,0.2796,0.32272,0.27255,0.32869,0.25435,0.34297,0.24075,0.35265,0.31241,0.29107,0.27153,0.32953
0.33147,0.28242,0.32234,0.2928,0.31452,0.30118,0.36741,0.23375,0.25011,0.35648,0.27439,0.33815,0.26053,0.34894,0.24644,0.35903,0.32229,0.29286,0.24301,0.36136
0.27509,0.25015,0.26611,0.25969,0.31601,0.19592,0.30007,0.21956,0.24731,0.27765,0.2331,0.28968,0.23328,0.28953,0.19888,0.31416,0.2946,0.22684,0.26299,0.26284
0.33828,0.36905,0.31423,0.38973,0.33146,0.37519,0.41085,0.28606,0.32176,0.38353,0.31018,0.39296,0.29891,0.4016,0.25867,0.42862,0.3735,0.33336,0.32355,0.38203
0.28482,0.25585,0.24742,0.29218,0.33906,0.17783,0.32974,0.19456,0.22488,0.30986,0.21915,0.31394,0.25802,0.28286,0.18899,0.33297,0.32412,0.20379,0.28183,0.25914
0.33464,0.26733,0.29634,0.30924,0.33597,0.26564,0.34303,0.25647,0.26228,0.33861,0.30204,0.30367,0.24731,0.34969,0.30498,0.30072,0.32607,0.27771,0.29565,0.3099
0.27867,0.32011,0.26203,0.33386,0.28269,0.31657,0.38213,0.18466,0.21555,0.3656,0.21097,0.36826,0.25836,0.33671,0.20235,0.37307,0.28847,0.31131,0.25657,0.33808
0.31265,0.29189,0.3034,0.3015,0.31419,0.29023,0.33019,0.27189,0.29505,0.30967,0.28597,0.31808,0.2635,0.33692,0.29407,0.3106,0.30375,0.30115,0.28216,0.32146
0.26663,0.32693,0.20859,0.3667,0.26765,0.3261,0.28851,0.3078,0.30528,0.29118,0.21936,0.36036,0.34698,0.23997,0.18979,0.37677,0.35447,0.22876,0.33953,0.2504
0.30049,0.31264,0.32673,0.28511,0.34398,0.26404,0.34069,0.26827,0.31977,0.2929,0.2629,0.34485,0.27807,0.33274,0.19095,0.38933,0.32282,0.28953,0.27656,0.334
0.33127,0.28061,0.30186,0.31204,0.31946,0.294,0.34096,0.26876,0.277,0.3343,0.30685,0.30713,0.26294,0.34547,0.28571,0.32689,0.33407,0.27728,0.28211,0.33
0.31152,0.29822,0.3084,0.30144,0.33675,0.26939,0.34528,0.25838,0.29113,0.31815,0.27791,0.32976,0.29015,0.31904,0.17545,0.39395,0.34948,0.25267,0.25095,0.35071
0.29299,0.32855,0.32076,0.3015,0.3119,0.31065,0.36886,0.24027,0.30317,0.31918,0.26765,0.3495,0.2503,0.36213,0.25105,0.36161,0.31439,0.30814,0.25759,0.35698
0.29781,0.27424,0.28602,0.28652,0.30964,0.26082,0.33356,0.22943,0.2617,0.30889,0.24725,0.32057,0.27021,0.30148,0.18237,0.36144,0.32016,0.24779,0.24976,0.31862
0.27365,0.27644,0.25102,0.29714,0.28732,0.2622,0.28638,0.26323,0.27713,0.27296,0.23467,0.31021,0.2775,0.27258,0.161,0.35409,0.31292,0.23105,0.25996,0.28935
0.26887,0.27165,0.25729,0.28264,0.28301,0.25688,0.30951,0.22425,0.25096,0.28828,0.24433,0.29392,0.24126,0.29645,0.20931,0.31981,0.29177,0.24689,0.25617,0.28366
0.26299,0.28973,0.2371,0.31127,0.29784,0.25377,0.33215,0.20684,0.22835,0.31775,0.2201,0.32352,0.25437,0.29733,0.18218,0.34629,0.30107,0.24993,0.27099,0.28226
0.32384,0.29517,0.33103,0.28709,0.33274,0.28509,0.36944,0.23562,0.26465,0.34922,0.30641,0.31322,0.2725,0.34314,0.27906,0.33782,0.35238,0.26043,0.26551,0.34857
0.29395,0.31361,0.26839,0.33575,0.29677,0.31095,0.36713,0.22355,0.24602,0.35247,0.23471,0.3601,0.25312,0.34741,0.17879,0.39089,0.30654,0.30132,0.25646,0.34495
0.22519,0.36633,0.19867,0.38136,0.22492,0.36649,0.28422,0.32269,0.31048,0.2975,0.21662,0.37146,0.36974,0.21955,0.17897,0.39099,0.34033,0.26283,0.32771,0.27841
0.28586,0.26541,0.26049,0.29034,0.31324,0.23245,0.32636,0.21365,0.2367,0.31004,0.23283,0.31296,0.26032,0.2905,0.16252,0.3546,0.31856,0.22511,0.25298,0.29691
0.25425,0.27828,0.2261,0.3016,0.27447,0.25836,0.33113,0.18009,0.194,0.32318,0.20488,0.31639,0.25159,0.28069,0.2059,0.31573,0.27055,0.26245,0.25362,0.27885
0.34138,0.26459,0.31252,0.29812,0.35509,0.24588,0.37009,0.22267,0.25267,0.3503,0.23658,0.36136,0.2542,0.34919,0.192,0.38689,0.3354,0.27213,0.28742,0.32239
0.29456,0.31234,0.29814,0.30892,0.29685,0.31016,0.36403,0.2276,0.26567,0.33725,0.25385,0.34623,0.26134,0.34062,0.18608,0.3869,0.31577,0.29088,0.24066,0.35553
0.31431,0.28602,0.30644,0.29444,0.32294,0.27625,0.35219,0.23783,0.26857,0.32935,0.26809,0.32974,0.26467,0.33249,0.19858,0.37572,0.3334,0.26352,0.25351,0.34108
0.25589,0.25896,0.22448,0.28661,0.2883,0.22232,0.30616,0.197,0.21253,0.29558,0.21,0.29739,0.24618,0.26821,0.17808,0.31754,0.28163,0.23071,0.25283,0.26195
0.28668,0.23778,0.22972,0.29318,0.32559,0.18087,0.29852,0.22273,0.23133,0.29191,0.21849,0.30164,0.26233,0.2644,0.15772,0.33742,0.32493,0.18206,0.28119,0.24425
0.3313,0.29895,0.31492,0.31617,0.34371,0.2846,0.36645,0.25465,0.287,0.34171,0.27282,0.35313,0.27995,0.34751,0.17,0.4126,0.35503,0.27035,0.26926,0.35586
0.30555,0.28102,0.28285,0.30386,0.32296,0.26082,0.31503,0.27035,0.29186,0.29521,0.25853,0.3248,0.28607,0.30083,0.16144,0.38245,0.34676,0.22824,0.27796,0.30834
0.28478,0.31665,0.25447,0.34148,0.30118,0.30109,0.38347,0.18524,0.20986,0.37057,0.2123,0.36918,0.25388,0.34192,0.18518,0.3835,0.30587,0.29632,0.26571,0.33281
0.28659,0.28058,0.2722,0.29456,0.31312,0.25063,0.34903,0.19759,0.22292,0.33342,0.23925,0.3219,0.2576,0.30741,0.19366,0.35122,0.32117,0.24023,0.25263,0.31151
0.29345,0.26401,0.28668,0.27135,0.32116,0.2295,0.31614,0.23637,0.26446,0.29305,0.2589,0.29797,0.27647,0.28174,0.16588,0.35819,0.33307,0.21185,0.2424,0.31154
0.28804,0.26368,0.26026,0.29114,0.29501,0.25586,0.33452,0.20147,0.21549,0.32567,0.24741,0.30213,0.23755,0.30995,0.24978,0.30017,0.29087,0.26056,0.25617,0.29474
0.26822,0.27566,0.26201,0.28156,0.28189,0.26166,0.31794,0.21642,0.24547,0.2961,0.2272,0.31033,0.25848,0.2848,0.15482,0.35207,0.2928,0.24939,0.22759,0.31005
0.28103,0.28452,0.2605,0.30344,0.29234,0.27289,0.33578,0.21722,0.23884,0.32076,0.23496,0.32361,0.2573,0.30615,0.18158,0.35632,0.30408,0.25974,0.24689,0.31461
0.34207,0.32435,0.32844,0.33815,0.34977,0.31604,0.36768,0.29501,0.32471,0.34174,0.31588,0.34991,0.24723,0.40137,0.30675,0.35794,0.34297,0.3234,0.32442,0.34201
0.31227,0.27675,0.28255,0.30703,0.32734,0.25875,0.35916,0.21238,0.23816,0.34261,0.25096,0.33335,0.24903,0.3348,0.22826,0.34928,0.32585,0.26062,0.27224,0.31621
0.29833,0.26511,0.29718,0.26641,0.31038,0.25091,0.31686,0.24266,0.27007,0.29385,0.26568,0.29783,0.27248,0.29162,0.1744,0.35899,0.32465,0.23214,0.2282,0.32743
0.32395,0.28599,0.32558,0.28412,0.3296,0.27945,0.32764,0.28175,0.30698,0.30413,0.30881,0.30227,0.26631,0.34031,0.26053,0.34476,0.33831,0.26884,0.26761,0.33929
0.29517,0.29047,0.27933,0.30573,0.32307,0.25908,0.35646,0.21078,0.24422,0.33444,0.24552,0.33349,0.26668,0.31682,0.18306,0.37147,0.33118,0.24863,0.2588,0.3233
0.30164,0.34973,0.28411,0.36412,0.31223,0.34031,0.39422,0.24061,0.26852,0.37577,0.26828,0.37594,0.27542,0.37074,0.2309,0.39998,0.32983,0.32328,0.29436,0.35588
0.2818,0.27685,0.27252,0.28599,0.29263,0.26538,0.32541,0.22398,0.25282,0.30355,0.23763,0.31558,0.26077,0.29675,0.18157,0.35084,0.30034,0.25663,0.24084,0.31314
0.26181,0.36249,0.18239,0.40826,0.26642,0.35912,0.26379,0.36106,0.36075,0.2642,0.21162,0.39391,0.38682,0.22431,0.20158,0.39914,0.39184,0.21543,0.38647,0.22491
0.33636,0.3493,0.30829,0.3743,0.35797,0.32711,0.41027,0.2585,0.29538,0.38457,0.28537,0.39205,0.28525,0.39214,0.24324,0.4195,0.36485,0.31942,0.3232,0.36151
0.22699,0.3585,0.19181,0.37849,0.22695,0.35852,0.28376,0.31548,0.30589,0.29406,0.20582,0.37106,0.363,0.21971,0.17843,0.38497,0.34042,0.25329,0.33204,0.26419
0.3757,0.33538,0.34571,0.36621,0.39103,0.31737,0.40887,0.29403,0.31863,0.39,0.3153,0.3927,0.31086,0.39623,0.22462,0.45075,0.40553,0.29862,0.30963,0.39719
0.24535,0.31183,0.25343,0.30529,0.26376,0.29642,0.33308,0.21563,0.23938,0.31643,0.22309,0.32812,0.27494,0.28608,0.1937,0.34628,0.28215,0.27897,0.23913,0.31662
0.34091,0.26106,0.3184,0.28809,0.33191,0.27241,0.33229,0.27196,0.2824,0.32346,0.3095,0.29763,0.26865,0.33497,0.27604,0.3289,0.33759,0.26535,0.26305,0.33938
0.33977,0.31047,0.31017,0.34005,0.35287,0.2955,0.37477,0.26719,0.29605,0.35242,0.27829,0.3666,0.28022,0.36512,0.20661,0.41128,0.35782,0.28949,0.30267,0.34674
0.22312,0.34919,0.17579,0.37525,0.2351,0.34123,0.26341,0.31989,0.30627,0.27913,0.20937,0.3576,0.36318,0.19955,0.19773,0.36417,0.3348,0.24417,0.33708,0.24102
0.31771,0.36146,0.32232,0.35735,0.33735,0.3432,0.38837,0.28419,0.32574,0.35425,0.31143,0.36689,0.30157,0.37504,0.25386,0.40884,0.36704,0.31125,0.31442,0.36433
0.2808,0.27733,0.25765,0.29896,0.29445,0.2628,0.33597,0.2071,0.22898,0.32145,0.22407,0.32489,0.25282,0.30306,0.1872,0.34745,0.3005,0.25586,0.25396,0.30211
0.30951,0.3382,0.29831,0.34812,0.33583,0.31208,0.38685,0.24601,0.28154,0.36181,0.28173,0.36167,0.27257,0.36862,0.24914,0.38485,0.34314,0.30402,0.30297,0.34407
0.32653,0.2679,0.30296,0.29429,0.33308,0.2597,0.33804,0.25322,0.25852,0.334,0.30064,0.29666,0.24564,0.34359,0.30001,0.2973,0.32432,0.27057,0.2887,0.30829
0.31393,0.30868,0.31013,0.3125,0.30987,0.31275,0.33871,0.28127,0.30675,0.31581,0.29965,0.32256,0.27131,0.34673,0.24551,0.36546,0.33377,0.28711,0.2699,0.34783
0.27467,0.31651,0.2848,0.30742,0.29679,0.29586,0.34651,0.23569,0.27219,0.31864,0.25742,0.33068,0.28097,0.31092,0.17447,0.38102,0.31567,0.27563,0.23172,0.34918
0.29478,0.28386,0.27898,0.29941,0.29815,0.28032,0.33543,0.23444,0.26623,0.3108,0.26191,0.31444,0.25391,0.32094,0.21607,0.34754,0.31666,0.25922,0.26046,0.31565
0.26685,0.30888,0.2591,0.31541,0.28376,0.29343,0.35559,0.20044,0.22856,0.3382,0.22806,0.33853,0.2549,0.31882,0.17725,0.36769,0.29917,0.2777,0.23805,0.33159
0.38772,0.29789,0.36938,0.32035,0.37256,0.31664,0.38963,0.29539,0.30353,0.38332,0.32667,0.3638,0.30093,0.38536,0.22876,0.43213,0.38151,0.3058,0.27007,0.40759
0.29554,0.35694,0.22678,0.40413,0.30054,0.35274,0.29748,0.35532,0.35824,0.29396,0.23937,0.3968,0.38126,0.26342,0.18709,0.42396,0.40711,0.22137,0.37925,0.2663
0.29347,0.30317,0.27237,0.32226,0.30196,0.29471,0.36891,0.2048,0.24149,0.346,0.23519,0.35031,0.25105,0.33913,0.20248,0.37018,0.30172,0.29496,0.25083,0.33929
0.26607,0.2854,0.25308,0.29698,0.27483,0.27696,0.3336,0.20237,0.22501,0.31877,0.22037,0.32199,0.25045,0.29919,0.17388,0.3493,0.28704,0.2643,0.23293,0.31303
0.3237,0.28706,0.29355,0.31782,0.32057,0.29054,0.35949,0.24072,0.26026,0.34561,0.28139,0.32864,0.26053,0.34541,0.24829,0.35431,0.33472,0.27413,0.27052,0.33764
0.30184,0.28554,0.2985,0.28902,0.30942,0.2773,0.33887,0.24043,0.26984,0.31595,0.27522,0.31128,0.25738,0.32618,0.21718,0.35422,0.32547,0.25828,0.24532,0.33535
0.28322,0.29447,0.2878,0.28999,0.29554,0.2821,0.29188,0.28589,0.31067,0.26535,0.26436,0.31151,0.29335,0.28438,0.17219,0.37051,0.32756,0.24419,0.25937,0.31568
0.35246,0.36563,0.37271,0.34497,0.3548,0.36336,0.41103,0.29827,0.34333,0.37422,0.33667,0.38021,0.30472,0.40628,0.24939,0.4424,0.38043,0.33643,0.27668,0.42586
0.28787,0.30958,0.26389,0.33026,0.29175,0.30593,0.35997,0.22166,0.244,0.34521,0.22897,0.35536,0.2522,0.33927,0.17172,0.38629,0.30005,0.29779,0.25164,0.33968
0.28752,0.2921,0.26604,0.31178,0.29878,0.28057,0.35993,0.19606,0.22547,0.34227,0.21829,0.3469,0.24682,0.32722,0.19101,0.36263,0.29206,0.28756,0.24828,0.32611
0.28344,0.28889,0.26407,0.3067,0.29717,0.27476,0.33819,0.22231,0.24422,0.32273,0.23345,0.33061,0.26601,0.30502,0.16182,0.37096,0.30687,0.26387,0.24279,0.32381
0.30239,0.37855,0.27963,0.39566,0.28997,0.38814,0.40104,0.27185,0.29462,0.38462,0.28794,0.38965,0.29128,0.38716,0.25022,0.41488,0.33332,0.35162,0.30356,0.37761
0.28877,0.2577,0.22047,0.3181,0.32957,0.20293,0.34779,0.16982,0.17833,0.34351,0.20406,0.32887,0.24307,0.30119,0.21474,0.322,0.30597,0.23703,0.29146,0.25465
0.34642,0.33332,0.33416,0.34561,0.35044,0.32909,0.37087,0.30588,0.33334,0.3464,0.32669,0.35268,0.25628,0.40673,0.30916,0.36814,0.35409,0.32516,0.33253,0.34718
0.28654,0.25426,0.20064,0.32634,0.30286,0.23457,0.31123,0.22335,0.22069,0.31312,0.19692,0.3286,0.23826,0.29997,0.204,0.32424,0.28876,0.25173,0.29526,0.24408
0.32198,0.31103,0.29374,0.33783,0.3542,0.27378,0.38509,0.22829,0.26589,0.36016,0.26048,0.36409,0.26855,0.35818,0.21169,0.39446,0.35164,0.27707,0.29523,0.33653
0.30263,0.30548,0.29028,0.31724,0.30014,0.30793,0.35438,0.24355,0.27025,0.33447,0.26401,0.33942,0.25546,0.3459,0.20298,0.37908,0.31885,0.28852,0.25407,0.34692
0.30199,0.30671,0.2638,0.34012,0.32035,0.28748,0.35446,0.2442,0.2577,0.34477,0.25042,0.35009,0.24634,0.35297,0.24281,0.35541,0.30165,0.30705,0.28786,0.32001
0.30581,0.31959,0.32068,0.30466,0.32757,0.29725,0.35599,0.26254,0.30662,0.31881,0.28295,0.33999,0.29923,0.32576,0.18416,0.40217,0.34364,0.27851,0.2486,0.36586
0.27457,0.25476,0.23687,0.29015,0.30636,0.21548,0.31751,0.19869,0.21994,0.30318,0.21396,0.30743,0.25241,0.27673,0.1755,0.33089,0.2957,0.2299,0.25846,0.27109
0.26454,0.26098,0.23932,0.28429,0.29583,0.2249,0.31382,0.19902,0.22559,0.2953,0.22113,0.29866,0.25556,0.26978,0.17764,0.32641,0.29684,0.22356,0.24966,0.27525
0.28581,0.32257,0.27123,0.33493,0.28456,0.32368,0.36847,0.22354,0.25201,0.34962,0.23348,0.36226,0.2562,0.34656,0.17606,0.39338,0.30184,0.30763,0.25039,0.35078
0.28754,0.31996,0.3086,0.2997,0.30092,0.30741,0.34645,0.255,0.29451,0.31356,0.27532,0.33053,0.2852,0.32205,0.17207,0.39427,0.32675,0.27979,0.22212,0.3684
0.28814,0.2763,0.24765,0.31311,0.3108,0.25055,0.34747,0.19656,0.21522,0.33623,0.22025,0.33295,0.25112,0.31033,0.18995,0.35112,0.30644,0.25586,0.26526,0.29834
0.27341,0.29448,0.21998,0.33627,0.28397,0.28431,0.32255,0.23966,0.24623,0.31756,0.20423,0.34606,0.25788,0.30817,0.19024,0.35395,0.29681,0.27088,0.28737,0.28087
0.29947,0.28964,0.28673,0.30225,0.32396,0.26196,0.34881,0.22782,0.26182,0.32407,0.26349,0.32271,0.27407,0.31378,0.197,0.3671,0.33868,0.24263,0.26073,0.32494
0.29129,0.26847,0.27395,0.28614,0.3048,0.25303,0.33303,0.21451,0.23709,0.31735,0.24827,0.30869,0.2505,0.30688,0.21528,0.33253,0.30897,0.24792,0.25273,0.30504
0.29463,0.28435,0.26792,0.30965,0.30531,0.27284,0.35492,0.20419,0.23121,0.33794,0.22238,0.34382,0.24754,0.32617,0.19786,0.35849,0.29901,0.27974,0.25374,0.32137
0.3272,0.30599,0.30913,0.32424,0.367,0.2569,0.37179,0.24992,0.27813,0.35119,0.27866,0.35077,0.30587,0.32731,0.19793,0.40189,0.37278,0.24844,0.28266,0.34755
0.29064,0.28371,0.26127,0.31096,0.31061,0.26169,0.34631,0.2122,0.232,0.33337,0.23614,0.33045,0.24834,0.32139,0.19235,0.35772,0.31006,0.26234,0.25906,0.31281
0.31906,0.26529,0.29065,0.29614,0.31114,0.27453,0.31877,0.26564,0.27906,0.30709,0.26786,0.31691,0.24559,0.33446,0.23194,0.34407,0.31741,0.26727,0.27455,0.31113
0.3213,0.2704,0.32519,0.26571,0.35265,0.22801,0.35642,0.22207,0.27478,0.31756,0.25219,0.33578,0.2363,0.34715,0.19622,0.37128,0.31937,0.27268,0.24749,0.33926
0.31708,0.37802,0.31356,0.38095,0.33043,0.36642,0.42159,0.25632,0.30023,0.39154,0.28196,0.4049,0.28985,0.39929,0.22867,0.43721,0.36261,0.3346,0.29927,0.39227
