0.27775,0.39393,0.36943,0.30959,0.35202,0.32924,0.3937,0.27807,0.31916,0.36119,0.32245,0.35826,0.30801,0.37074,0.33077,0.35059,0.35986,0.32066,0.32538,0.3556
0.32789,0.35153,0.38137,0.29265,0.3326,0.34707,0.37546,0.30019,0.33373,0.34599,0.33487,0.34489,0.27048,0.3974,0.40588,0.25758,0.34919,0.33038,0.35163,0.32778
0.30366,0.43301,0.38378,0.3639,0.36046,0.38701,0.38469,0.36294,0.36461,0.38311,0.37631,0.37162,0.37633,0.3716,0.36338,0.38428,0.42476,0.3151,0.42726,0.31171
0.29167,0.35548,0.3624,0.28302,0.34084,0.30865,0.3743,0.26708,0.3245,0.32579,0.29821,0.35001,0.25102,0.38526,0.32836,0.3219,0.33068,0.31951,0.30376,0.3452
0.32575,0.41264,0.43133,0.30057,0.43058,0.30165,0.44742,0.27604,0.36462,0.37873,0.35085,0.39153,0.28766,0.44004,0.3661,0.3773,0.36915,0.37432,0.30733,0.42654
0.27107,0.42061,0.40729,0.2907,0.38557,0.31895,0.41846,0.27438,0.40339,0.29608,0.27443,0.41842,0.28586,0.4107,0.36568,0.34157,0.31045,0.39245,0.31835,0.38607
0.35013,0.36221,0.3957,0.31179,0.41285,0.28871,0.41877,0.28005,0.30227,0.40302,0.36438,0.34788,0.28538,0.41515,0.37699,0.33418,0.37199,0.33972,0.30241,0.40292
0.33675,0.31518,0.35687,0.2922,0.36905,0.27666,0.37082,0.27428,0.26488,0.37759,0.36918,0.27648,0.27456,0.37061,0.35598,0.29329,0.39005,0.24617,0.30499,0.346
0.29588,0.41879,0.41671,0.29881,0.39621,0.3255,0.43405,0.27301,0.36946,0.35557,0.31703,0.40302,0.28013,0.42949,0.34504,0.37931,0.33895,0.38476,0.30365,0.41319
0.28304,0.44512,0.43553,0.29759,0.40551,0.33735,0.4499,0.27538,0.41247,0.3288,0.29939,0.43429,0.27984,0.44714,0.34713,0.39717,0.34321,0.40056,0.31992,0.4194
0.35941,0.36508,0.3947,0.3266,0.40296,0.31636,0.39157,0.33035,0.30628,0.41067,0.39946,0.32076,0.32405,0.39679,0.39094,0.33109,0.41726,0.29724,0.36396,0.36054
0.30719,0.41708,0.42132,0.30135,0.38432,0.34731,0.42976,0.28919,0.37994,0.35209,0.32352,0.40455,0.28057,0.43544,0.36648,0.36609,0.35159,0.3804,0.32281,0.40512
0.28692,0.40545,0.40097,0.29315,0.37627,0.32425,0.41516,0.27268,0.3601,0.34212,0.30771,0.38991,0.28611,0.40603,0.34547,0.35688,0.33703,0.36486,0.31271,0.38591
0.3116,0.34688,0.35677,0.30022,0.35695,0.30001,0.36844,0.28579,0.28707,0.36744,0.34207,0.31687,0.27642,0.37552,0.33726,0.32199,0.3632,0.29242,0.31099,0.34743
0.38621,0.35713,0.41954,0.31731,0.42202,0.31401,0.41364,0.32497,0.31115,0.42413,0.42257,0.31326,0.3018,0.43083,0.40878,0.33106,0.44013,0.28808,0.35987,0.38366
0.28584,0.35099,0.34415,0.29403,0.35358,0.28262,0.37352,0.25568,0.2884,0.34888,0.29753,0.34113,0.265,0.36697,0.31498,0.32508,0.33614,0.30316,0.30138,0.33773
0.2529,0.27981,0.2736,0.25961,0.2788,0.25402,0.28979,0.2414,0.25173,0.28087,0.25475,0.27812,0.2606,0.27265,0.24492,0.28682,0.29567,0.23416,0.24178,0.28947
0.3564,0.24514,0.35845,0.24213,0.35186,0.2516,0.34397,0.26229,0.25287,0.35095,0.3466,0.2588,0.18684,0.39013,0.36847,0.2266,0.33964,0.26787,0.27581,0.33322
0.33193,0.33392,0.37178,0.28889,0.32532,0.34036,0.37181,0.28885,0.30918,0.35509,0.33387,0.33198,0.24083,0.40457,0.38826,0.26633,0.34053,0.32514,0.31149,0.35306
0.2997,0.4111,0.42213,0.28396,0.36777,0.35153,0.41748,0.29076,0.38911,0.32775,0.316,0.39871,0.27591,0.42743,0.37521,0.34357,0.34509,0.37382,0.33442,0.3834
0.32293,0.3867,0.40166,0.30412,0.37403,0.33752,0.41364,0.28762,0.3352,0.37611,0.34287,0.36913,0.27573,0.42166,0.36435,0.34795,0.36073,0.3517,0.30798,0.39871
0.26466,0.32168,0.27802,0.31021,0.30323,0.28561,0.30844,0.27997,0.21707,0.35553,0.32558,0.25985,0.30908,0.27927,0.28457,0.3042,0.35876,0.21168,0.32624,0.25902
0.3284,0.34857,0.37277,0.30065,0.35064,0.32619,0.36446,0.31067,0.3142,0.36142,0.35028,0.32658,0.2876,0.38293,0.37908,0.29265,0.37314,0.30019,0.35158,0.32517
0.32615,0.40794,0.41722,0.31419,0.39373,0.34317,0.4177,0.31355,0.35991,0.37849,0.35615,0.38202,0.30866,0.42133,0.37863,0.35976,0.38268,0.35545,0.34673,0.3906
0.26697,0.35282,0.36142,0.2552,0.35545,0.26345,0.37153,0.24024,0.33426,0.28987,0.26348,0.35543,0.26945,0.35093,0.2749,0.34667,0.29571,0.3291,0.22588,0.38043
0.33201,0.37865,0.3944,0.31314,0.37778,0.33299,0.40418,0.30041,0.32519,0.38453,0.35697,0.35522,0.28358,0.41616,0.37017,0.34144,0.37167,0.3398,0.31897,0.3897
0.30493,0.47188,0.4359,0.35446,0.40421,0.39022,0.44862,0.33822,0.40251,0.39197,0.36674,0.42562,0.35447,0.43589,0.37201,0.42102,0.40586,0.3885,0.38749,0.40682
0.30935,0.41146,0.40003,0.324,0.38416,0.34266,0.40722,0.31492,0.34682,0.38041,0.36129,0.3667,0.32924,0.39572,0.36191,0.36608,0.39966,0.32446,0.37031,0.35759
0.29305,0.28389,0.29532,0.28154,0.29955,0.27703,0.27646,0.30008,0.26817,0.3075,0.31808,0.25553,0.26225,0.31257,0.3185,0.25502,0.34222,0.22217,0.32002,0.25311
0.32347,0.38871,0.39736,0.31278,0.36574,0.34923,0.38823,0.32405,0.34914,0.36583,0.36631,0.34864,0.3059,0.40269,0.37197,0.34259,0.39626,0.31418,0.36811,0.34673
0.31969,0.33331,0.3713,0.27465,0.33418,0.31878,0.37352,0.27163,0.31019,0.34217,0.31291,0.33969,0.23129,0.39976,0.37153,0.27434,0.32792,0.32521,0.3068,0.34521
0.3002,0.37557,0.36327,0.31498,0.36183,0.31663,0.39098,0.27985,0.30987,0.36764,0.31693,0.36157,0.2855,0.38687,0.34003,0.33994,0.35132,0.32826,0.32139,0.35761
0.28019,0.28659,0.3155,0.24719,0.30867,0.25567,0.29073,0.27589,0.27922,0.28754,0.3006,0.26511,0.24315,0.31862,0.31843,0.2434,0.3204,0.24081,0.30746,0.25711
0.2959,0.34502,0.35872,0.27913,0.33275,0.30963,0.36848,0.2661,0.30971,0.33267,0.30808,0.33419,0.25442,0.37665,0.35416,0.28489,0.3314,0.31108,0.30971,0.33268
0.3316,0.54081,0.51668,0.36807,0.4223,0.47339,0.51074,0.37627,0.48439,0.40964,0.40299,0.48994,0.38333,0.50546,0.46339,0.43325,0.42599,0.47008,0.41882,0.47648
0.30723,0.4419,0.44061,0.30906,0.41625,0.34118,0.46062,0.27837,0.40359,0.35606,0.31021,0.43981,0.27805,0.46082,0.36208,0.39819,0.35165,0.40744,0.32386,0.42986
0.26221,0.354,0.34616,0.27248,0.33451,0.28666,0.34881,0.26908,0.32504,0.29736,0.28711,0.33412,0.25997,0.35565,0.3096,0.3134,0.32332,0.29922,0.30385,0.31898
0.35462,0.46675,0.4485,0.37745,0.41863,0.41032,0.43986,0.38748,0.40311,0.42558,0.41979,0.40913,0.38527,0.44179,0.4199,0.40903,0.44401,0.38271,0.42577,0.40291
0.28968,0.44052,0.43,0.30509,0.40215,0.34095,0.44955,0.27546,0.39366,0.35072,0.31121,0.42558,0.29115,0.43955,0.35251,0.39206,0.35259,0.39199,0.32362,0.41622
0.33415,0.35123,0.38491,0.29473,0.37734,0.30436,0.39519,0.28079,0.31042,0.37237,0.34632,0.33924,0.26787,0.40406,0.37451,0.30783,0.36259,0.32179,0.31851,0.36548
0.26677,0.32746,0.33737,0.25412,0.32599,0.26856,0.36069,0.21977,0.29437,0.30289,0.25668,0.33543,0.2313,0.35341,0.28179,0.31463,0.28725,0.30965,0.22379,0.35821
0.2611,0.28913,0.29123,0.25876,0.2849,0.26572,0.2811,0.26972,0.24839,0.30012,0.30732,0.23943,0.26336,0.28707,0.29629,0.25295,0.33664,0.19607,0.30379,0.24389
0.30799,0.38995,0.39402,0.30277,0.37432,0.32681,0.40172,0.29248,0.34824,0.35447,0.32891,0.37248,0.28528,0.40686,0.35582,0.34687,0.35329,0.34943,0.32491,0.37597
0.26536,0.44776,0.41791,0.31025,0.37371,0.36227,0.43898,0.27963,0.40523,0.32664,0.28896,0.4329,0.29521,0.42866,0.34761,0.38739,0.34254,0.39188,0.33682,0.3968
0.31346,0.34582,0.3445,0.31491,0.33582,0.32415,0.34342,0.31609,0.28895,0.36654,0.35501,0.30301,0.3113,0.34776,0.34812,0.3109,0.38657,0.26155,0.36996,0.28456
0.30125,0.28798,0.31486,0.27303,0.34008,0.24089,0.34868,0.22826,0.21834,0.35498,0.31766,0.26977,0.24637,0.33613,0.31649,0.27114,0.3275,0.25773,0.25169,0.33216
0.2895,0.40073,0.3992,0.29161,0.36939,0.32856,0.42018,0.26048,0.36134,0.33739,0.29761,0.39475,0.26295,0.41863,0.35993,0.33889,0.30766,0.38697,0.27745,0.40917
0.32783,0.26579,0.31545,0.28037,0.33232,0.26015,0.31208,0.28411,0.24804,0.34145,0.33002,0.26305,0.24519,0.3435,0.34503,0.24304,0.3438,0.24477,0.31492,0.28096
0.2386,0.29222,0.28458,0.24766,0.28732,0.24448,0.32083,0.19846,0.24939,0.28307,0.2282,0.30041,0.24169,0.28967,0.22821,0.3004,0.2715,0.26193,0.22482,0.30295
0.34336,0.3021,0.35835,0.28415,0.35175,0.29228,0.36732,0.27247,0.26045,0.37593,0.34939,0.2951,0.24697,0.38492,0.37607,0.26026,0.35356,0.2901,0.29854,0.34646
0.39981,0.36533,0.42549,0.33507,0.43543,0.32205,0.41889,0.34328,0.3092,0.44464,0.43602,0.32125,0.31747,0.43878,0.41979,0.34219,0.44275,0.31191,0.36288,0.40204
0.26535,0.36151,0.34646,0.28472,0.32359,0.31046,0.36773,0.25666,0.29537,0.33743,0.30385,0.32981,0.27876,0.35127,0.31109,0.32299,0.34106,0.29117,0.30205,0.33146
0.34321,0.38529,0.41362,0.30847,0.40619,0.31819,0.41625,0.30491,0.3396,0.38846,0.37448,0.35496,0.29836,0.42097,0.38635,0.34201,0.39097,0.33672,0.34045,0.38772
0.29008,0.37203,0.38998,0.26546,0.37094,0.29147,0.40772,0.23731,0.33418,0.33298,0.29244,0.37017,0.22967,0.41207,0.33145,0.33569,0.3074,0.35785,0.25898,0.39431
0.3434,0.35652,0.37776,0.3199,0.38613,0.30974,0.38512,0.311,0.29284,0.3991,0.38552,0.3105,0.31366,0.38295,0.37509,0.32303,0.40484,0.28485,0.34378,0.35616
0.29754,0.47977,0.43873,0.35529,0.40957,0.38855,0.45562,0.33335,0.40431,0.39401,0.36281,0.43253,0.35391,0.43984,0.36739,0.42865,0.40252,0.39584,0.38357,0.41423
0.33839,0.46515,0.45203,0.35572,0.41584,0.39743,0.45603,0.35058,0.40185,0.41157,0.38754,0.42506,0.35722,0.45085,0.41256,0.40083,0.4213,0.39163,0.3983,0.415
0.30329,0.3832,0.38117,0.30584,0.37224,0.31665,0.39001,0.29448,0.33089,0.35963,0.33403,0.35672,0.29694,0.38814,0.34527,0.34585,0.36226,0.32801,0.33374,0.357
0.20006,0.31177,0.27893,0.24378,0.24934,0.27397,0.31478,0.1953,0.26478,0.25907,0.21879,0.29893,0.21349,0.30273,0.27312,0.25026,0.22209,0.29648,0.20345,0.30958
0.23759,0.2865,0.29265,0.22996,0.2777,0.24781,0.30931,0.20701,0.2554,0.27074,0.24231,0.28251,0.23122,0.29167,0.24985,0.27587,0.26379,0.26257,0.19908,0.31448
0.2795,0.35348,0.36275,0.26736,0.36786,0.26029,0.38901,0.22748,0.31496,0.32229,0.28305,0.35064,0.25929,0.36856,0.29173,0.34346,0.32131,0.31596,0.24796,0.37628
0.29542,0.41205,0.39015,0.3238,0.36033,0.35668,0.39604,0.31656,0.34666,0.36998,0.35031,0.36653,0.33024,0.38471,0.35794,0.35908,0.38842,0.32586,0.36488,0.35202
0.31205,0.41058,0.41778,0.30236,0.39727,0.32883,0.43258,0.28077,0.37044,0.35879,0.31748,0.4064,0.27544,0.43599,0.36257,0.36674,0.35144,0.37742,0.32539,0.40009
0.337,0.34952,0.37993,0.3023,0.33552,0.35094,0.37988,0.30236,0.30597,0.37698,0.35787,0.32812,0.27689,0.39883,0.39037,0.28869,0.3651,0.32005,0.32081,0.36444
0.33467,0.37266,0.41262,0.28395,0.39845,0.30351,0.41669,0.27793,0.33149,0.37549,0.35112,0.35721,0.24939,0.43438,0.35973,0.34854,0.36209,0.34608,0.29747,0.40298
0.26577,0.36384,0.35834,0.27314,0.35213,0.2811,0.38582,0.23273,0.32371,0.31341,0.25672,0.37029,0.2568,0.37023,0.28857,0.34604,0.30248,0.33395,0.2585,0.36904
0.29332,0.3105,0.33784,0.26137,0.31593,0.28747,0.34769,0.24812,0.28419,0.31888,0.28824,0.31522,0.21766,0.36752,0.34233,0.25545,0.30419,0.29986,0.28636,0.31693
0.29734,0.46142,0.44872,0.31618,0.40573,0.36973,0.46209,0.2963,0.43494,0.33488,0.30868,0.45391,0.29892,0.4604,0.37872,0.39736,0.34588,0.42625,0.33569,0.43432
0.33255,0.42742,0.41707,0.34543,0.40866,0.35535,0.42975,0.32953,0.3718,0.39375,0.3647,0.40034,0.31353,0.44156,0.36941,0.39599,0.40119,0.36376,0.36517,0.39991
0.36403,0.36962,0.39871,0.33192,0.41277,0.31426,0.39893,0.33165,0.31132,0.41499,0.3952,0.33608,0.32329,0.40573,0.39241,0.33934,0.4179,0.30741,0.37082,0.36281
0.28635,0.28713,0.31993,0.24916,0.31398,0.25662,0.30935,0.26218,0.26191,0.30958,0.30808,0.26368,0.24471,0.32335,0.32081,0.24803,0.31633,0.25372,0.27415,0.29879
0.30488,0.40064,0.40301,0.30174,0.38341,0.32628,0.42476,0.27027,0.35235,0.3596,0.31162,0.39542,0.26807,0.42615,0.35446,0.35752,0.33651,0.37446,0.30187,0.40291
0.32509,0.36837,0.37793,0.31393,0.36097,0.33329,0.36255,0.33157,0.3432,0.35155,0.3516,0.34316,0.30283,0.38687,0.36777,0.32577,0.37689,0.31518,0.36938,0.32394
0.29975,0.44175,0.39268,0.36166,0.39463,0.35953,0.41512,0.33566,0.34404,0.40821,0.37065,0.3842,0.37464,0.38031,0.3539,0.39969,0.41292,0.33837,0.38547,0.36933
0.29289,0.34477,0.33996,0.29846,0.33351,0.30565,0.35201,0.28414,0.30024,0.33839,0.3127,0.32691,0.28474,0.35153,0.34279,0.2952,0.32879,0.31072,0.31844,0.32132
0.28524,0.35984,0.35234,0.29446,0.34063,0.30793,0.36698,0.276,0.29601,0.35104,0.32094,0.32841,0.29005,0.35598,0.32554,0.32385,0.35146,0.29551,0.3134,0.33561
0.33733,0.38605,0.4198,0.29427,0.40831,0.31002,0.43446,0.27216,0.34252,0.38146,0.35899,0.366,0.28024,0.4293,0.38535,0.33813,0.35813,0.36684,0.28691,0.42487
0.33562,0.37869,0.40991,0.29669,0.41457,0.29013,0.42565,0.27362,0.3308,0.38291,0.35829,0.35732,0.27779,0.42294,0.36469,0.35079,0.37637,0.33822,0.30624,0.40282
0.30943,0.34038,0.36971,0.2737,0.36609,0.27852,0.38798,0.24713,0.29806,0.35037,0.3177,0.33267,0.26236,0.37785,0.3297,0.32078,0.33952,0.31037,0.26374,0.37688
0.30991,0.33686,0.34632,0.2993,0.32903,0.31821,0.32627,0.32104,0.3049,0.3414,0.34453,0.30135,0.29074,0.35353,0.34885,0.29634,0.35626,0.2874,0.33083,0.31634
0.28133,0.33047,0.33513,0.27576,0.31634,0.29713,0.33778,0.27251,0.29251,0.32061,0.30348,0.31025,0.2617,0.34623,0.32778,0.28446,0.32221,0.29075,0.2886,0.32414
0.30695,0.31277,0.35204,0.26099,0.35028,0.26334,0.34726,0.26732,0.29922,0.32018,0.30692,0.31281,0.24828,0.36112,0.3124,0.30733,0.3325,0.28547,0.26688,0.3476
0.27046,0.27888,0.29776,0.24952,0.2985,0.24864,0.30042,0.24631,0.24264,0.30339,0.29141,0.2569,0.24443,0.30195,0.30451,0.24123,0.29194,0.25631,0.2447,0.30173
0.29419,0.39718,0.37008,0.32763,0.37412,0.32301,0.40423,0.28442,0.30563,0.38845,0.34185,0.35698,0.32278,0.37432,0.33005,0.36793,0.37346,0.32378,0.3209,0.37593
0.28868,0.46068,0.42939,0.33344,0.40587,0.3617,0.45259,0.3012,0.40361,0.36422,0.32416,0.43644,0.31907,0.44018,0.35538,0.41142,0.37311,0.39542,0.35065,0.41546
0.31571,0.38904,0.38434,0.32141,0.37554,0.33166,0.3839,0.32194,0.34705,0.36135,0.35345,0.3551,0.31638,0.38849,0.37614,0.33097,0.38336,0.32258,0.3785,0.32827
0.29352,0.37818,0.37909,0.29235,0.32261,0.3537,0.38742,0.28122,0.34849,0.32822,0.30872,0.36588,0.27591,0.39122,0.38158,0.28909,0.34118,0.33582,0.34335,0.3336
0.31578,0.4268,0.42472,0.31858,0.39387,0.356,0.42727,0.31515,0.38122,0.36953,0.34544,0.40317,0.3156,0.42694,0.38514,0.36544,0.37668,0.37415,0.3582,0.39188
0.25484,0.33959,0.32202,0.27671,0.3254,0.27273,0.36618,0.21489,0.28359,0.31598,0.25523,0.3393,0.25888,0.33652,0.26822,0.32913,0.27806,0.32086,0.20747,0.37044
0.30976,0.33224,0.33864,0.30275,0.33728,0.30427,0.34338,0.29736,0.26598,0.36823,0.34936,0.29031,0.28418,0.35437,0.33078,0.31132,0.37128,0.26171,0.32677,0.31552
0.28275,0.28694,0.29855,0.27047,0.29013,0.27948,0.31049,0.25667,0.24965,0.31617,0.29245,0.27705,0.24714,0.31813,0.30732,0.26046,0.31552,0.25047,0.28836,0.28131
0.26506,0.2997,0.29789,0.26709,0.29332,0.27211,0.28961,0.27605,0.27776,0.28797,0.29112,0.27446,0.25912,0.30485,0.31004,0.25289,0.31844,0.24222,0.31066,0.25213
0.30003,0.34312,0.35378,0.28739,0.33732,0.30654,0.35625,0.28432,0.32227,0.32233,0.30412,0.3395,0.26855,0.36828,0.36639,0.27113,0.33143,0.3129,0.33499,0.30908
0.27604,0.33004,0.34234,0.26064,0.29336,0.31475,0.35003,0.25021,0.29718,0.31115,0.28257,0.32447,0.24062,0.35669,0.34324,0.25945,0.3023,0.30618,0.28657,0.32095
0.30335,0.31972,0.33948,0.28107,0.33256,0.28922,0.3226,0.30029,0.29648,0.3261,0.3263,0.29626,0.26824,0.34971,0.34208,0.2779,0.33963,0.28089,0.31673,0.30648
0.32649,0.39626,0.40305,0.31807,0.38713,0.33727,0.40858,0.31094,0.34477,0.38046,0.35317,0.37268,0.30302,0.41449,0.37366,0.35213,0.38005,0.34523,0.34451,0.3807
0.32663,0.28871,0.33959,0.27334,0.33128,0.28336,0.30092,0.31542,0.30583,0.31066,0.33473,0.27928,0.24924,0.35766,0.36503,0.23831,0.33955,0.27339,0.32824,0.28688
0.32054,0.34947,0.37002,0.29658,0.38073,0.2827,0.38575,0.27581,0.29723,0.3695,0.35101,0.31885,0.28271,0.38073,0.3467,0.32354,0.37982,0.28393,0.31824,0.35157
0.25923,0.35103,0.35142,0.2587,0.33356,0.28135,0.36504,0.2391,0.32642,0.28961,0.26172,0.34918,0.25783,0.35206,0.29656,0.32012,0.29852,0.31828,0.25401,0.35482
0.2937,0.3806,0.38051,0.29382,0.36085,0.31765,0.40434,0.26003,0.33352,0.34623,0.30063,0.37515,0.25341,0.40853,0.34453,0.33528,0.32153,0.35739,0.28643,0.38609
0.27897,0.26062,0.29211,0.2458,0.2861,0.25277,0.29152,0.2465,0.23524,0.30068,0.28517,0.25382,0.21137,0.31792,0.29838,0.23815,0.29405,0.24348,0.25466,0.28442
0.24995,0.40952,0.38643,0.28434,0.35438,0.32341,0.40152,0.2626,0.37955,0.29347,0.26885,0.39737,0.27635,0.39219,0.33331,0.34509,0.30947,0.36662,0.3042,0.371
0.34561,0.44973,0.44179,0.3557,0.42422,0.37649,0.46174,0.32939,0.39482,0.40721,0.35257,0.44429,0.31808,0.4696,0.39313,0.40884,0.39362,0.40837,0.3733,0.42703
0.30674,0.30415,0.33769,0.26937,0.30818,0.30268,0.34247,0.26326,0.27158,0.33592,0.31529,0.29527,0.23032,0.36544,0.35118,0.25152,0.3308,0.27779,0.29809,0.31262
0.29751,0.30341,0.32103,0.27841,0.30896,0.29175,0.31987,0.27975,0.26583,0.33152,0.31918,0.28053,0.25995,0.33615,0.32473,0.27409,0.33888,0.25639,0.31171,0.2888
0.37985,0.43591,0.45763,0.35339,0.44583,0.36815,0.47497,0.32971,0.36307,0.44998,0.41839,0.39907,0.33389,0.47204,0.4218,0.39547,0.43616,0.37956,0.36269,0.45029
0.3115,0.37585,0.39223,0.29061,0.387,0.29754,0.39993,0.27992,0.34024,0.35006,0.33396,0.35605,0.28014,0.39978,0.36173,0.3278,0.35996,0.32974,0.32643,0.36296
0.26917,0.25428,0.27197,0.25128,0.27942,0.24296,0.24265,0.2797,0.24305,0.27935,0.30453,0.21064,0.24721,0.27568,0.29253,0.22701,0.3331,0.16171,0.31204,0.19935
0.30092,0.411,0.40688,0.30647,0.38684,0.3314,0.41726,0.29218,0.36034,0.36004,0.33436,0.38428,0.30565,0.40749,0.36195,0.35842,0.36129,0.35908,0.33517,0.38358
0.32255,0.43165,0.42655,0.32927,0.38958,0.37227,0.44634,0.30189,0.35994,0.40101,0.35967,0.40125,0.31471,0.4374,0.37876,0.38328,0.38857,0.37333,0.3426,0.41592
0.25889,0.39866,0.39224,0.26851,0.33655,0.33568,0.40746,0.2448,0.36624,0.30301,0.26793,0.39263,0.27082,0.39065,0.34028,0.33191,0.30201,0.36707,0.26917,0.39179
0.30191,0.26303,0.30006,0.26514,0.30554,0.25881,0.27952,0.28671,0.24293,0.31831,0.32932,0.22779,0.24815,0.31426,0.31537,0.24674,0.34043,0.21082,0.2914,0.27464
0.31938,0.43654,0.42838,0.33023,0.41315,0.3491,0.44261,0.31091,0.37589,0.38894,0.35211,0.41059,0.3241,0.43304,0.37465,0.39013,0.38635,0.37855,0.35209,0.41061
0.33541,0.31504,0.35979,0.28688,0.36487,0.2804,0.35066,0.29798,0.27827,0.3665,0.36855,0.27554,0.27764,0.36697,0.3645,0.28087,0.38139,0.25748,0.32955,0.32117
0.35842,0.34825,0.3925,0.30933,0.39054,0.3118,0.40516,0.29256,0.29393,0.40416,0.3795,0.32515,0.28357,0.4115,0.39104,0.31118,0.39585,0.30503,0.3269,0.37799
0.33695,0.4288,0.43841,0.32434,0.40595,0.36415,0.43926,0.32319,0.39014,0.38104,0.35382,0.41499,0.30818,0.44992,0.39799,0.37283,0.38586,0.38538,0.36464,0.40551
0.27867,0.38985,0.34047,0.33723,0.33081,0.34671,0.34204,0.33564,0.33367,0.34396,0.34193,0.33574,0.34959,0.32776,0.34896,0.32844,0.3876,0.28179,0.40574,0.25499
0.29745,0.32624,0.35934,0.25648,0.3425,0.27857,0.34012,0.28146,0.3369,0.28531,0.30062,0.32331,0.24593,0.36664,0.36221,0.25241,0.31241,0.31194,0.31235,0.312
0.28978,0.35627,0.35982,0.28537,0.34605,0.30191,0.35936,0.28595,0.32473,0.32474,0.31199,0.33699,0.27528,0.36759,0.34326,0.30508,0.3296,0.31979,0.31194,0.33704
0.31981,0.41196,0.40353,0.33038,0.39624,0.33909,0.41085,0.32123,0.35822,0.37903,0.35143,0.38533,0.32588,0.40717,0.36872,0.36882,0.37914,0.3581,0.35942,0.37789
0.25309,0.38405,0.34861,0.30004,0.35769,0.28915,0.39519,0.23533,0.31636,0.33387,0.26872,0.37328,0.28056,0.36447,0.3052,0.3441,0.29839,0.35002,0.2701,0.37229
0.29628,0.42753,0.41268,0.31663,0.35053,0.3843,0.42413,0.30112,0.38301,0.35194,0.32957,0.40242,0.31042,0.41737,0.39867,0.33409,0.36313,0.37242,0.36576,0.36984
0.31097,0.33987,0.37148,0.27242,0.33038,0.32104,0.37924,0.26152,0.30881,0.34183,0.30877,0.34187,0.2281,0.40023,0.36946,0.27516,0.31752,0.33375,0.28836,0.35925
0.29864,0.33507,0.36314,0.26379,0.31857,0.31618,0.3672,0.25811,0.32613,0.30837,0.28455,0.34712,0.22512,0.3883,0.37693,0.24368,0.29207,0.34081,0.29321,0.33983
0.29504,0.28108,0.32208,0.24963,0.31511,0.25837,0.32939,0.23991,0.24481,0.32576,0.30539,0.2698,0.21249,0.34771,0.31984,0.2525,0.30685,0.26812,0.24454,0.32596
0.2925,0.28808,0.3113,0.26766,0.30721,0.27234,0.29881,0.28153,0.25184,0.32423,0.32249,0.25406,0.25857,0.31889,0.32269,0.2538,0.3347,0.23774,0.30105,0.27913
0.31789,0.42004,0.41988,0.31811,0.40862,0.33244,0.43849,0.29191,0.3698,0.37515,0.32395,0.41538,0.28857,0.4407,0.36308,0.38165,0.35468,0.38948,0.33475,0.40673
0.2855,0.41785,0.40957,0.29725,0.3916,0.32055,0.43426,0.25985,0.37286,0.34217,0.29528,0.41099,0.27631,0.42398,0.35078,0.36477,0.31794,0.39373,0.2927,0.41283
0.27267,0.38736,0.38746,0.27253,0.3449,0.32472,0.38839,0.27121,0.34969,0.31956,0.30666,0.36105,0.28752,0.37648,0.33165,0.33824,0.3308,0.33908,0.29938,0.36711
0.28221,0.47699,0.46693,0.29856,0.41497,0.36737,0.48272,0.27229,0.45869,0.31107,0.28033,0.47809,0.27209,0.48283,0.36711,0.4152,0.32338,0.45009,0.3082,0.46062
0.27208,0.28597,0.29942,0.25721,0.30403,0.25175,0.29071,0.26701,0.26188,0.29534,0.2938,0.26361,0.24423,0.3101,0.30583,0.24955,0.32056,0.23032,0.30315,0.2528
0.25038,0.37849,0.37219,0.25967,0.31451,0.32716,0.38598,0.23868,0.35333,0.28479,0.2534,0.37648,0.25601,0.37471,0.31895,0.32283,0.28498,0.35318,0.23942,0.38552
0.30605,0.41054,0.40749,0.31009,0.37777,0.34569,0.43365,0.27231,0.34518,0.37823,0.32846,0.39284,0.28032,0.42852,0.35733,0.36677,0.35447,0.36954,0.30364,0.41232
0.29982,0.33642,0.33794,0.29811,0.32644,0.31066,0.33286,0.30377,0.28836,0.3463,0.33812,0.2979,0.29248,0.34282,0.33468,0.30176,0.37074,0.25617,0.35035,0.28341
0.27967,0.29749,0.31647,0.258,0.30279,0.27392,0.29979,0.27721,0.28484,0.29255,0.30437,0.27217,0.26097,0.31402,0.31683,0.25755,0.32509,0.24705,0.29396,0.28337
0.28253,0.35148,0.34945,0.28504,0.3401,0.29613,0.3724,0.25432,0.30963,0.32785,0.28539,0.34916,0.24135,0.38093,0.31845,0.31929,0.31838,0.31937,0.28864,0.34648
0.26264,0.33495,0.31493,0.28634,0.29079,0.31082,0.34431,0.25023,0.29343,0.30832,0.27153,0.32778,0.24862,0.34548,0.30885,0.29288,0.27935,0.32114,0.24937,0.34494
0.31201,0.36996,0.39339,0.2819,0.37248,0.30901,0.39374,0.28142,0.34619,0.3382,0.31986,0.3632,0.25416,0.41186,0.35456,0.32941,0.34351,0.34092,0.31562,0.36689
0.30229,0.47247,0.45885,0.32258,0.43982,0.34809,0.49612,0.26168,0.42485,0.36621,0.28597,0.48252,0.26497,0.49436,0.36596,0.42506,0.33259,0.45165,0.31829,0.46185
0.29865,0.40419,0.40471,0.29795,0.37557,0.33394,0.41105,0.28914,0.37805,0.33113,0.31307,0.39313,0.27839,0.41841,0.35946,0.35121,0.3545,0.35622,0.34335,0.36698
0.25336,0.41955,0.37874,0.31108,0.37333,0.31754,0.41902,0.25423,0.35398,0.33899,0.2787,0.40316,0.29637,0.39036,0.31699,0.3738,0.32284,0.36876,0.30349,0.38484
0.35143,0.37289,0.40334,0.31603,0.39677,0.32423,0.41468,0.30099,0.31377,0.4051,0.38155,0.34201,0.30101,0.41467,0.38804,0.33463,0.4086,0.3092,0.346,0.37794
0.25834,0.31524,0.3105,0.26402,0.30317,0.27241,0.30527,0.27006,0.29073,0.28565,0.28246,0.29383,0.25477,0.31814,0.30954,0.26515,0.30348,0.27207,0.29915,0.27681
0.29646,0.39857,0.40393,0.28911,0.37791,0.32238,0.42452,0.25793,0.35665,0.34576,0.30008,0.39585,0.25811,0.42441,0.3545,0.34796,0.32317,0.37723,0.29228,0.40164
0.30588,0.29996,0.32838,0.27515,0.3192,0.28574,0.33253,0.27012,0.28695,0.31811,0.30241,0.30345,0.24483,0.35156,0.35482,0.24009,0.32258,0.28192,0.31812,0.28695
0.35612,0.32747,0.37722,0.30293,0.37519,0.30544,0.39942,0.27299,0.27435,0.39848,0.36403,0.31865,0.26191,0.40677,0.39264,0.28265,0.36294,0.3199,0.29158,0.38605
0.27688,0.39276,0.3631,0.31477,0.35943,0.31895,0.39288,0.2767,0.31872,0.35964,0.31472,0.36314,0.30725,0.36949,0.3287,0.35054,0.35164,0.32752,0.32237,0.35637
0.25493,0.42473,0.37345,0.32546,0.37611,0.32237,0.41517,0.27023,0.34062,0.35967,0.30326,0.39169,0.32458,0.37421,0.31118,0.38543,0.35351,0.34701,0.32551,0.3734
0.28817,0.4158,0.4038,0.30477,0.37803,0.3362,0.42244,0.27835,0.37166,0.34323,0.30513,0.40353,0.27864,0.42225,0.34535,0.36969,0.34276,0.37209,0.31963,0.39214
0.2836,0.34037,0.35563,0.26422,0.34297,0.28046,0.37055,0.24285,0.30745,0.31899,0.28179,0.34187,0.25444,0.36269,0.3077,0.31875,0.31105,0.31549,0.25171,0.36459
0.31641,0.29136,0.3427,0.25993,0.29634,0.31175,0.35618,0.24112,0.26202,0.34111,0.29727,0.31087,0.18596,0.38784,0.36115,0.23361,0.29296,0.31493,0.25505,0.34635
0.24039,0.27472,0.28439,0.22887,0.25804,0.25822,0.26812,0.24773,0.25496,0.26126,0.27526,0.23977,0.22734,0.28562,0.27748,0.2372,0.3059,0.1992,0.28236,0.23137
0.2874,0.35506,0.36781,0.27089,0.35149,0.29176,0.37904,0.25493,0.32406,0.32195,0.28547,0.35661,0.26795,0.36996,0.31674,0.32916,0.31456,0.33124,0.26014,0.37549
0.27088,0.35437,0.35571,0.26912,0.33082,0.29918,0.36633,0.25446,0.31057,0.32016,0.29584,0.33381,0.26082,0.36184,0.32022,0.3105,0.32385,0.30672,0.29276,0.33652
0.27205,0.43433,0.4096,0.30803,0.38779,0.33508,0.43618,0.26908,0.38044,0.3434,0.2976,0.41724,0.29161,0.42145,0.33717,0.38597,0.33471,0.3881,0.30733,0.41013
0.3145,0.38284,0.40496,0.28544,0.36504,0.335,0.39692,0.29652,0.35916,0.34128,0.33729,0.36292,0.26765,0.41694,0.37288,0.32624,0.3594,0.34103,0.32559,0.37345
0.25198,0.38117,0.37212,0.26516,0.32712,0.31903,0.38842,0.24065,0.3538,0.28916,0.25398,0.37984,0.26924,0.36918,0.3074,0.33807,0.28915,0.35381,0.24525,0.38554
0.33168,0.41585,0.41274,0.33554,0.38729,0.36462,0.41912,0.32753,0.36461,0.3873,0.3573,0.39406,0.30887,0.43306,0.38317,0.36895,0.38847,0.36337,0.36222,0.38954
0.2914,0.31266,0.34028,0.25861,0.32677,0.27549,0.31227,0.29183,0.30836,0.29596,0.31369,0.2903,0.25458,0.34331,0.33501,0.26542,0.32845,0.27348,0.31611,0.28766
0.3676,0.40924,0.44004,0.33012,0.44224,0.32716,0.44591,0.32214,0.34774,0.42624,0.40839,0.36855,0.32768,0.44185,0.40202,0.37548,0.42389,0.35061,0.34676,0.42704
0.3841,0.3869,0.44918,0.30896,0.45028,0.30736,0.45825,0.29535,0.33336,0.43138,0.40957,0.35983,0.27986,0.46786,0.40532,0.36461,0.41679,0.35143,0.31575,0.44443
0.32306,0.32331,0.37162,0.26607,0.37746,0.25771,0.38042,0.25333,0.29186,0.35173,0.32829,0.31799,0.26847,0.36989,0.32578,0.32057,0.35344,0.28978,0.25841,0.37699
0.39395,0.37973,0.43037,0.33789,0.4404,0.32471,0.42845,0.34033,0.32115,0.44301,0.43681,0.32953,0.32317,0.44153,0.41508,0.35651,0.44947,0.31203,0.3649,0.40773
0.26692,0.39395,0.36024,0.31092,0.35833,0.31311,0.40504,0.24977,0.30307,0.36686,0.30169,0.368,0.29897,0.37021,0.30343,0.36656,0.34182,0.33106,0.29751,0.37139
0.26459,0.33884,0.31462,0.29298,0.33417,0.27047,0.35913,0.23633,0.26033,0.34212,0.28018,0.32607,0.26723,0.33677,0.29484,0.31287,0.30371,0.30428,0.26464,0.3388
0.24613,0.34117,0.32821,0.26317,0.32516,0.26693,0.33874,0.24946,0.3056,0.28911,0.26918,0.3233,0.24761,0.3401,0.29427,0.30064,0.29719,0.29775,0.27754,0.31615
0.28078,0.39824,0.38082,0.30398,0.36229,0.32584,0.41323,0.2582,0.35389,0.33495,0.27565,0.4018,0.25423,0.41569,0.33263,0.35607,0.31655,0.37044,0.29876,0.38493
0.24248,0.40198,0.38877,0.26314,0.31273,0.35012,0.40462,0.23804,0.36864,0.29067,0.25961,0.39114,0.27259,0.3822,0.34302,0.3205,0.28903,0.36992,0.258,0.3922
0.23385,0.3499,0.32732,0.26454,0.29376,0.30137,0.35939,0.21898,0.2949,0.30025,0.25536,0.33453,0.24147,0.34469,0.28682,0.30798,0.29083,0.3042,0.25981,0.33108
0.30632,0.36364,0.36939,0.29936,0.34853,0.32342,0.36786,0.30124,0.33668,0.33573,0.32144,0.35035,0.28463,0.38086,0.37004,0.29856,0.35217,0.31945,0.35001,0.3218
0.28732,0.41231,0.40456,0.29813,0.38067,0.32809,0.41542,0.28281,0.37472,0.33487,0.30869,0.39657,0.28386,0.4147,0.3486,0.36198,0.34703,0.36349,0.33001,0.37901
0.30237,0.33485,0.3538,0.27997,0.32752,0.31029,0.37324,0.25346,0.29062,0.3451,0.29971,0.33724,0.24084,0.38151,0.35726,0.27553,0.31196,0.32594,0.2826,0.35169
0.32015,0.38033,0.37064,0.33132,0.36076,0.34205,0.36699,0.33535,0.32243,0.3784,0.36216,0.34057,0.32874,0.37293,0.35523,0.34779,0.38786,0.31099,0.37086,0.33108
0.28028,0.37273,0.34254,0.31646,0.34564,0.31308,0.37268,0.28034,0.30731,0.35078,0.30134,0.35592,0.29864,0.35819,0.3204,0.33886,0.34863,0.30973,0.33308,0.32641
0.30439,0.51115,0.45904,0.37844,0.42714,0.41411,0.47858,0.3534,0.41996,0.42139,0.38916,0.44998,0.38052,0.45732,0.37267,0.46373,0.43233,0.40868,0.40225,0.43833
0.305,0.38459,0.39423,0.29242,0.37498,0.31673,0.41927,0.25523,0.33688,0.35699,0.30624,0.3836,0.25143,0.42156,0.35222,0.34186,0.31867,0.37334,0.27451,0.40691
0.29948,0.32347,0.3233,0.29966,0.31793,0.30534,0.32869,0.29373,0.27621,0.34355,0.32662,0.29603,0.27936,0.34099,0.33642,0.28484,0.36021,0.2541,0.34619,0.27289
0.30509,0.43312,0.43258,0.30585,0.40095,0.34628,0.44684,0.28462,0.39573,0.35223,0.31645,0.42489,0.28388,0.4473,0.3718,0.3774,0.34243,0.40424,0.32025,0.42203
0.31706,0.36964,0.37999,0.30458,0.3471,0.34159,0.38969,0.29207,0.32462,0.36302,0.33045,0.35773,0.27735,0.4003,0.37776,0.30734,0.35172,0.33683,0.32618,0.36162
0.35307,0.26551,0.35986,0.25623,0.37075,0.2402,0.3417,0.27999,0.27651,0.34452,0.36234,0.25272,0.2742,0.34637,0.3299,0.2938,0.38941,0.20859,0.26851,0.35079
0.30856,0.30907,0.33545,0.27965,0.32157,0.2955,0.34077,0.27314,0.28352,0.33218,0.31295,0.30462,0.25298,0.35599,0.35583,0.25321,0.33326,0.28226,0.3196,0.29763
0.3299,0.2993,0.34757,0.27858,0.32879,0.30053,0.34163,0.28584,0.29671,0.33224,0.3236,0.3061,0.23409,0.37897,0.37952,0.2332,0.3306,0.29853,0.31142,0.31848
0.28348,0.32812,0.3499,0.25611,0.33921,0.27012,0.35475,0.24935,0.30905,0.30416,0.27703,0.33359,0.25393,0.35149,0.29671,0.31621,0.31122,0.30195,0.25094,0.35363
0.30133,0.48327,0.45114,0.3476,0.42254,0.38185,0.47099,0.32018,0.41441,0.39065,0.35703,0.44371,0.3533,0.44668,0.37285,0.4305,0.40297,0.40245,0.37691,0.42695
0.29976,0.43581,0.43045,0.3074,0.40897,0.33546,0.44717,0.28253,0.40284,0.34279,0.30659,0.43103,0.28434,0.44602,0.3712,0.37682,0.34065,0.40465,0.32969,0.41363
0.255,0.30296,0.28709,0.27274,0.31129,0.24476,0.33051,0.21811,0.22728,0.32427,0.2721,0.2877,0.25622,0.30193,0.27959,0.28042,0.29349,0.26584,0.24518,0.31096
0.25783,0.25737,0.26349,0.25157,0.27971,0.2334,0.24993,0.26504,0.24043,0.27369,0.28485,0.22709,0.24691,0.26786,0.28573,0.22598,0.3147,0.18351,0.29831,0.2091
0.27043,0.25841,0.28876,0.23775,0.28406,0.24335,0.28631,0.24069,0.24543,0.28227,0.2712,0.2576,0.20677,0.3117,0.30156,0.22129,0.27676,0.25161,0.25206,0.27635
0.3182,0.43901,0.44134,0.31495,0.40656,0.35873,0.47195,0.26692,0.38061,0.38616,0.32295,0.43552,0.26601,0.47246,0.37671,0.38996,0.34375,0.4193,0.29642,0.454
0.26863,0.41516,0.37801,0.31879,0.37817,0.31861,0.41673,0.26619,0.33973,0.35931,0.30225,0.39136,0.30844,0.3865,0.31797,0.3787,0.33962,0.35941,0.30912,0.38596
0.27711,0.3144,0.33262,0.25495,0.33025,0.25801,0.33487,0.25198,0.3065,0.28582,0.27095,0.31972,0.23914,0.34416,0.29101,0.30158,0.30581,0.28656,0.25803,0.33024
0.31597,0.43449,0.4389,0.30982,0.39044,0.36901,0.44923,0.29462,0.39667,0.36231,0.32646,0.42666,0.2865,0.45446,0.39838,0.36043,0.36386,0.39525,0.34791,0.40936
0.29361,0.40115,0.40854,0.28324,0.38479,0.31476,0.41759,0.26973,0.36867,0.33349,0.30522,0.39239,0.26681,0.41946,0.34752,0.35547,0.3333,0.36884,0.30943,0.38908
0.3463,0.31232,0.38176,0.2678,0.3885,0.25794,0.3825,0.26674,0.29201,0.36358,0.35384,0.30374,0.25668,0.38933,0.35079,0.30726,0.36946,0.28454,0.27114,0.3794
0.2608,0.33169,0.3407,0.24891,0.31386,0.282,0.35116,0.23392,0.30924,0.28706,0.26379,0.32931,0.24773,0.34156,0.29093,0.3056,0.28378,0.31225,0.21883,0.36076
0.26749,0.39784,0.35932,0.31736,0.37506,0.2986,0.40929,0.24963,0.3175,0.3592,0.28583,0.38488,0.3003,0.3737,0.31528,0.36115,0.32245,0.35476,0.29185,0.38034
0.33906,0.36313,0.38989,0.30792,0.37408,0.32694,0.39082,0.30674,0.30979,0.3884,0.36658,0.33533,0.28673,0.40572,0.3746,0.32634,0.37622,0.32447,0.3223,0.37808
0.3543,0.42972,0.43227,0.35118,0.42317,0.3621,0.42192,0.36355,0.38552,0.40195,0.39518,0.39246,0.3456,0.43675,0.39922,0.38835,0.41781,0.36827,0.39386,0.39378
0.29702,0.35152,0.32623,0.32459,0.3129,0.33746,0.32894,0.32185,0.27699,0.36751,0.35759,0.28969,0.325,0.32583,0.33269,0.31797,0.38812,0.24728,0.36883,0.27523
0.32472,0.44138,0.43109,0.33827,0.39839,0.37622,0.44447,0.32048,0.39009,0.38483,0.34594,0.42495,0.31169,0.45067,0.39093,0.38398,0.37805,0.39666,0.35684,0.41584
