0.5830571452474436,0.7485605401210081,0.6216165014063184,0.7168622196975668,0.4684293594439735,0.8251499573176155,0.5233045592412803,0.7914864844882972,0.4718983668520586,0.8231709714346795,0.7920849626514099,0.5223982473093384,0.7798191512711086,0.5405373328098273,0.45537188987969934,0.8324271492195248,0.7358486773473376,0.5990202341294725,0.7120806336885223,0.6270882617113054
0.5056426576123554,1.0156700947094806,0.6883125117770825,0.9019346565109773,0.42651468218374994,1.0513541098821775,0.6885634537191897,0.9017430946155075,0.580800575204838,0.9746440018417907,0.9098738818709717,0.6777829723248437,0.894538590515308,0.6978975201011514,0.5876967092899351,0.9705013221908729,0.8882573863648,0.7058746730495615,0.8748487575726063,0.7224263906157624
0.38559691390669576,1.006400007433061,0.8306509314604359,0.6866913317055512,0.5929510005634114,0.8999639247805895,0.8159459070984294,0.7041010095610958,0.8060291910318722,0.715431966143629,0.7022783563619754,0.8175151773277088,0.7360032227517294,0.7872897884989372,0.6209081608167033,0.8809080603597926,0.7323015031212725,0.7907341294657504,0.7030762294191899,0.8168290950996591
0.39895752733649664,0.7729856971516165,0.6469618501385985,0.5814760193547653,0.37354678322166024,0.7855805479797549,0.5889706371891131,0.6401465341220492,0.6130988054398671,0.6170768601946033,0.6411025738399642,0.5879298312172935,0.628034081078602,0.601869744731514,0.594753722868677,0.6347771307736841,0.6068312357956787,0.6232414041782777,0.598022203221391,0.6316988531520816
0.3390072663379743,0.6175446381690713,0.495276513858414,0.5009875064126568,0.404372517793239,0.5768623523986222,0.44894526872711094,0.5428954341757329,0.4621828896924209,0.5316712172356889,0.5428477702462063,0.44900290099289725,0.5253162374709758,0.4693933930198133,0.37742901228018205,0.5948400183667216,0.5116483959598275,0.4842553310734444,0.5125945805607024,0.4832536629360538
0.44541827443814624,0.7782169787867885,0.6216271043806357,0.6462188858079273,0.48794092604667605,0.7522850244184082,0.5085087649596208,0.7385377046804948,0.6024990536091248,0.6640888462213484,0.7402036605957265,0.5060806715496842,0.7411527556507334,0.5046897047363035,0.5249922937789236,0.7269127848292648,0.6871729667345899,0.5760316129039057,0.6591567820027605,0.6078909787250162
0.22268525092733754,0.2943874253355242,0.2707321641003603,0.25091188193823294,0.20142084265667867,0.30932559111674485,0.24572504507760887,0.27544850589149544,0.29667886267524496,0.21962315364727206,0.27704765948459725,0.24392062551239235,0.28618490815830816,0.23313274227073047,0.3057014723179914,0.2068798854380543,0.2575780070755189,0.2643978960719129,0.26050622073221696,0.2615132618741688
0.21464395872477265,0.47047228595957497,0.400060997632165,0.32766964926069503,0.41923809996719524,0.30274678595976207,0.405944122314476,0.3203522599130521,0.4063730498909217,0.3198079817568981,0.32402975398298356,0.40301478807457813,0.34389366042516273,0.38620376900342757,0.17913352478932704,0.4851055361152061,0.34141794011033305,0.38839411818909797,0.3176493012516956,0.40806264505266776
0.3727977465170177,0.9562362541662703,0.7590262875736689,0.6908292324172746,0.5944614721746903,0.836648965630154,0.7178577037872084,0.7335163602152738,0.749911252379346,0.7007132417365518,0.7312970900572447,0.720118392810455,0.7397078660783736,0.7114760758113273,0.5609098448205592,0.8595033912518802,0.7271573042548479,0.7242984111945361,0.6985839230984366,0.7518952293893773
0.39101504360232825,0.6821572086118702,0.5542052437850493,0.5577524265708069,0.3957597608974907,0.6794155085357048,0.4899397208565349,0.6149717810692537,0.5204402966794406,0.589383677392482,0.6156103072291641,0.48913717014522984,0.5884485222970354,0.5214974191603491,0.49541236770618835,0.6105717054599057,0.5704378141855612,0.541139466063665,0.569454592047315,0.5421740395672734
0.32639827063372323,0.7409880697770269,0.5897658872712956,0.5547750434506502,0.5601579605654169,0.5846556335482984,0.6129212461038188,0.5290809925702409,0.6309848787898804,0.5074024372853261,0.5147822879721186,0.6249786769280695,0.5792864757098096,0.5657086968434175,0.3944121180272074,0.7071338146191721,0.5519163782177012,0.5924419482781624,0.525664434975653,0.6158539213371114
0.35905784005078956,0.845254056762332,0.5856745886680296,0.707362869511577,0.33620494108147714,0.8546011880213591,0.5465625037379402,0.738001614146495,0.5538846082992597,0.7325222137684929,0.7416554287630218,0.5415941081303011,0.7361541075003487,0.5490483430313609,0.5551963082373528,0.7315285450990496,0.699863012612819,0.5946164449051398,0.6884295556866059,0.6078171598698578
0.3817885225209893,0.7348624149850412,0.6776852803454005,0.4759494780852091,0.5855125577381324,0.5856281154601077,0.6013251288278082,0.5693797803984849,0.659543651296431,0.5007867978700906,0.56597648107963,0.6045294597876322,0.5592358865043229,0.6107703890433221,0.4391419658138484,0.7020965594186855,0.5112798403704136,0.6514431438868716,0.4811039220383732,0.6740358010415336
0.40301675479290916,0.8916021274439491,0.710694456102887,0.6725252771242174,0.5607057717225439,0.8018640133235874,0.6878421005023552,0.6958808109747616,0.6891808164373889,0.6945550090245393,0.6907820629221788,0.6929624808395927,0.7155400786835691,0.6673674056349289,0.5058471771753809,0.8375532769024802,0.7119745548335391,0.6711699423960876,0.6823936187354307,0.7012245057152149
0.5035827224504724,1.055210530625133,0.6592065434940811,0.9656663788842346,0.5122127321216534,1.0510484952395278,0.6898267850550103,0.9440359256476804,0.5270902072422374,1.043666965905379,0.9522141463378683,0.6784932142673565,0.9320167298188932,0.705981329519769,0.47553020228178966,1.06814598675024,0.9188589259595643,0.7230235794752755,0.9068668149337623,0.738009080069275
0.25975929327399655,0.6903494183518777,0.5178234620427796,0.5252771382984527,0.46306446600544404,0.5741328332224823,0.5425406126009087,0.49970680757781616,0.5566932232376077,0.48389034404739345,0.49268040475186087,0.54892916540709,0.5244094016797959,0.5187022163928166,0.37068110778534835,0.6376932853590422,0.5254065907831301,0.5176921133479148,0.5163185870961616,0.5267564204449767
0.7901967292630615,0.6510760721779605,0.8372760128688054,0.5893045061555503,0.7601311877905107,0.6859384083494,0.4915570139828531,0.8981551228518279,0.7692204031230157,0.6757298973110382,0.8955192655125584,0.49634279263082753,0.8730535523031299,0.5348723375830976,0.6351131875729951,0.8030829108327424,0.7499711918164,0.6970323766843327,0.6156571713086381,0.8180936194085413
0.4286308796026389,0.7506211917225616,0.6085806281408268,0.6138291484310981,0.4222687006838325,0.7542186346376748,0.5297323173523156,0.683037536570631,0.5747657461652437,0.6456012247874389,0.6843023709682906,0.5280974053137417,0.6656048005465429,0.5514769749512007,0.5471031594661774,0.6692045556584749,0.6419182614803959,0.5788761093618535,0.6312607504697624,0.5904798636094908
0.38860913982123835,1.0809077148850061,0.9897529669710687,0.5828958878071578,0.9021262128581926,0.7110181767892177,0.9412300951001471,0.6583801787176587,0.9826150972160357,0.5948496636744859,0.654160563912024,0.9441676272107782,0.6545667080193373,0.9438861035121007,0.4883147598876595,1.039676510712051,0.638199950236603,0.9550284682503059,0.5911346795789931,0.9848544777019442
0.39996423848979257,1.2149748778827325,0.8093233009245746,0.9905206411465796,0.4302624487619128,1.2045785865365044,0.8531868925149185,0.9529991985293679,0.7643031248906015,1.025658851294787,0.9774364444840941,0.8250777799402751,0.9542352150778419,0.8518042617070106,0.7706207075117911,1.0209206977581107,0.979074218444589,0.8231336590943162,0.9528468197012996,0.8533570672010631
0.5195019767664071,0.6650510411051518,0.6017897932746222,0.5916284609869088,0.5519378360293674,0.63838845251028,0.481317754424625,0.6931871395336813,0.5492637748337522,0.6406906404768437,0.6908394819840591,0.4846813399247468,0.7244044540151301,0.43291266803166223,0.41870175400772164,0.7327100602080664,0.655298575510671,0.5317508515018441,0.5816962840067842,0.6113956364842241
0.5167805888308371,0.6964909982339212,0.570750456848556,0.6529975525378295,0.430837784734595,0.7526889735197517,0.4724487268448295,0.7272922989527184,0.4623098304998066,0.7337789232708111,0.7278395017923941,0.4716052875486346,0.7234570719332359,0.47830090182124835,0.4569553719873871,0.7371252781075273,0.6725719363414625,0.5475480600450763,0.6492070416336737,0.5750583489581593
0.5058051627022417,0.9082042816579803,0.8181140260277164,0.6413761145029102,0.6632172572666444,0.8005103056812191,0.7292084853931126,0.7408973374691071,0.7637754027824628,0.705209907717281,0.7399507486758728,0.73016900055545,0.7385534179141312,0.7315823458268276,0.5703312804402677,0.8691352658760856,0.6872594158630322,0.77996690644266,0.6469189180169916,0.8137381601902752
0.47901347028423535,0.7282171374758184,0.5929147677308547,0.6389101519258303,0.4736340431373539,0.7317273380218784,0.503178281328363,0.7117343052197611,0.5379341724869705,0.6858432255974971,0.7117745461443469,0.5031213566210743,0.6996784214180105,0.5198117068989714,0.4916113504292907,0.719772453040758,0.6617885903971069,0.56726533971981,0.6495010366206766,0.5812938219660412
0.6729245149972709,0.6585644926732652,0.7016131140864377,0.627912121268764,0.6434321560270012,0.6874079243686039,0.3879546719555898,0.8579194405083372,0.6467924706121957,0.6842470999965433,0.8586857259623765,0.3862556380465846,0.8593682699074113,0.38473467555011237,0.4388223705070175,0.8330483305528614,0.804898103686491,0.48854235903982624,0.6241226297304102,0.7049861962852214
0.2611879522449987,0.45710915754209597,0.26508778649739845,0.4548586525028299,0.2544746157453175,0.46088024284845774,0.24527321503149616,0.4658422246800883,0.3126166320823935,0.4236021360336157,0.45875440333080275,0.25828729301183123,0.47979690644226713,0.21670915272597685,0.2538063522946202,0.46124859223815473,0.4737360577010001,0.229656430218479,0.46026042319591676,0.25559395757000214
0.4636598696338782,0.7536854872406591,0.6643712904652797,0.5844938637758258,0.47500914271308586,0.7465846252937933,0.5544947886512293,0.6896070023895662,0.6405212678921413,0.6105364802892111,0.6931232660845429,0.5500931070267928,0.6894755137760186,0.5546582770403682,0.6075324012709077,0.6433713311860416,0.6066311733334363,0.6442211638297775,0.5926975582070191,0.6570630813563731
0.23125548905196866,0.32768529613468445,0.22100949810061946,0.33468127564722433,0.24760067294417565,0.3155164992153856,0.2854041355288944,0.28178224561271703,0.21465469163474246,0.33879214553872805,0.30746467965382274,0.25753101810250595,0.30745322433068584,0.2575446939236102,0.20390201358554047,0.34537041473655955,0.33854045993936466,0.2150514159534517,0.29466749113978447,0.27208054723725866
0.42161092885654194,0.7130427949099012,0.5343324607076472,0.6329886445571596,0.40375619831970827,0.723302657967338,0.4710740330920508,0.6813773242855892,0.48285718915369874,0.673078552315247,0.6816284159046737,0.47071063864701923,0.6804368874230606,0.4724314182378398,0.43131034088654363,0.7072179243688136,0.6822527283101739,0.46980529734936305,0.6504509702334549,0.512932098845994
0.6234820493286236,0.519540372132296,0.7037639110343605,0.40418859661797174,0.6254405160784482,0.5171810369279883,0.553503156812633,0.5935371256364969,0.6123865391157683,0.5325737421429978,0.6099067135063865,0.535411864764149,0.5989680938831048,0.5476214811532004,0.4456029589601526,0.6782993933922846,0.6003653742976872,0.5460892614351456,0.422391403631747,0.6929917504908607
0.44855258273498044,0.6283681912766224,0.46782083133480307,0.6141576939644158,0.37811337096557196,0.6731094130849212,0.39446396720819166,0.6636596882897513,0.3891134530193074,0.6668108607137908,0.663610157551158,0.39454728750987816,0.6382684031704424,0.4343494547029257,0.41410622369317956,0.6515842530210882,0.6466765959046006,0.4217290404936719,0.6251705990134723,0.45299859317177954
1.0211202449330046,1.0513473107374085,1.0543760030159175,1.0179926162163446,0.7172831823076595,1.278093329450325,0.9514246040647263,1.1148134127229987,0.6796394670084905,1.2985021822435399,1.1653398283553262,0.8888198956231789,1.0746144377376718,0.9966050033050042,0.7498993580500946,1.2592333680469543,1.113138613007016,0.9533835275688566,1.0341451546525349,1.0385381656518478
0.41262602870732035,0.4929649419251704,0.5161586927095683,0.3832164890429566,0.35250619451929055,0.5376002756319876,0.4333180378895217,0.4748790915313454,0.42522291928609496,0.4821412059219499,0.49224642133837604,0.4134829309821904,0.456766082859309,0.45237088664438146,0.39582680323723207,0.506552875199672,0.481138846332916,0.4263567568169779,0.43552675145360076,0.47285422944321265
0.41483604061356705,0.6768206098449435,0.4441401750685971,0.6579624483151438,0.377543396111882,0.6983094318102319,0.38989264492034914,0.6914902775454163,0.37244227316394635,0.7010433878607619,0.6913641585862979,0.3901162374537653,0.6995672916901832,0.37520751978083317,0.3412201310163453,0.7167593045730277,0.6988522506234114,0.3765376611992681,0.6725282972319048,0.42175913496352035
0.5774978097020556,0.8105203853057381,0.6451341216013661,0.7577921749084425,0.5653252712181129,0.8190569900373238,0.5029035211646244,0.8587986164445399,0.5669752337232901,0.8179157044287965,0.8616602511564915,0.4979845648047395,0.8599106887093917,0.5009996234032251,0.5221067642884063,0.8472612005108721,0.7596611564359046,0.6429323001757632,0.7543123336177326,0.6491994443612872
0.22746236747080034,0.44544012682315387,0.3829955049237378,0.32166827385967045,0.40060621443421107,0.2994506572982262,0.37531996334937745,0.33059183340044984,0.395725601554431,0.30587135118221276,0.3324165508227448,0.37370479250172634,0.34976345940631004,0.3575214086789479,0.18125346782497403,0.466157929891866,0.34960141780755005,0.3576798622603733,0.3206409423042977,0.383855990337341
0.5932361454999947,0.8898458692027038,0.7062868856006176,0.8030651471041353,0.47525906303740856,0.9580624292109626,0.6254464985015329,0.8675087738904883,0.5852449510585235,0.895121859036697,0.8704913916938821,0.6212886062464487,0.8584366183508428,0.6378411773624965,0.5991683450164803,0.8858623423506715,0.7961888663300425,0.7140294702579776,0.790239694148263,0.7206080911683314
0.4443967068280829,1.229393508854467,1.0141747833321975,0.8248310987749152,0.8622692120905366,0.9825419271124815,1.0526012622073107,0.7751950821907475,1.0745328804218377,0.7444970930403236,0.7359769089964638,1.0803864225716437,0.8487944540565207,0.9942056162665934,0.7360094427601124,1.0803642593223328,0.8582158161169962,0.9860844008601808,0.8471667167138712,0.9955929824709409
0.270135658765359,0.5254826835657143,0.39522170151958985,0.43920966691544855,0.30024247686732225,0.5088809093968789,0.37997378496569517,0.4524657419107691,0.37234732198231996,0.45876224417078354,0.45350957944467163,0.37872732435874773,0.4376792043198312,0.39691590919233577,0.3282241032740121,0.4912985476204766,0.43357769705439364,0.4013922090437575,0.4312181106005093,0.40392606496009387
0.2605049504827083,0.5649039520465353,0.46999962474839857,0.40752871923357387,0.3672417499331746,0.5021083562039296,0.4534864900382835,0.42582779103359414,0.47047798243590244,0.40697637806982745,0.41857477502556334,0.46018959351129574,0.43193037423246755,0.4476778485464666,0.340077305579663,0.5208903248222884,0.4251610927200571,0.4541116046754141,0.4135606950442178,0.46470082394841533
0.4068443785006971,0.7470759872439482,0.5832944779972064,0.6192030611779183,0.4062786992020084,0.7473837686281809,0.5204408379444547,0.6728939093451599,0.5437942039763636,0.6541656844835653,0.6745850673390247,0.5182469160133438,0.6655031043364861,0.5298589408065495,0.4958699185030593,0.6912003348942387,0.6520497712952396,0.5463295477895774,0.6363626545175654,0.5645240924615141
0.4202216251099606,0.6327133407965712,0.4748355433851596,0.592826781252445,0.4019429442463214,0.6444798332008634,0.3551444258341526,0.671405110667877,0.42751596103647976,0.6278076846384323,0.672298266655957,0.3534507412404307,0.655568787317282,0.38359086397796593,0.38193941628696704,0.6565323054643883,0.6474118699759883,0.39720304183906774,0.6082463358879354,0.4549162348289134
0.4799774962081736,0.8099309223643147,0.8045163385740314,0.48899893336858263,0.7497567922768688,0.5694130735264841,0.7528148051498585,0.5653639226333401,0.7881927530254982,0.5148967663000642,0.5572869644729733,0.7588133730349484,0.5915949291892213,0.7323810044135342,0.4310348340131929,0.837003863632299,0.6061835131148757,0.7203527221409552,0.5114242404975112,0.7904503413243116
0.3886316235755999,0.5748317282596511,0.43084014608587845,0.5439143527961761,0.36767650037985017,0.5884556446542172,0.3409090173955487,0.6043567626124371,0.3897625146574332,0.574065533562936,0.6031754273528123,0.3429948374170323,0.5965681731289608,0.35436205985765235,0.3478531639063501,0.600386734544765,0.5842279194931795,0.37435784049710386,0.5564361118550515,0.4145418049854765
0.340744296980239,0.9297587479472696,0.7867890031875674,0.6012662220448992,0.5329373448617427,0.8345871984165272,0.7495702787828031,0.6470721771753924,0.7801049843058375,0.609913287910848,0.6425302037636909,0.7534672803515902,0.6440016820360025,0.7522099699178624,0.621939785073968,0.7705510424697241,0.6342740554974903,0.7604304227421458,0.6095145648071275,0.7804165558193968
0.5475936390745881,0.614586144716768,0.6106432600461841,0.5519870757481,0.5390692091519539,0.6220766115013949,0.44983871015628757,0.6893620657373727,0.5378842643143072,0.6231014692935869,0.6883708290658579,0.4513541010381468,0.6990808614153665,0.43458126056644386,0.46350374803021105,0.6802493648616784,0.6070214148436988,0.5559675572854269,0.544677218657794,0.6171723019611136
0.31109407003121253,0.7211143960567266,0.5044003830768076,0.6019682268698342,0.4479646975648155,0.6450683082778953,0.5113956571243953,0.5960368902032409,0.5432180847295551,0.567185688316971,0.5907457748298497,0.5174987170317651,0.6081655057400138,0.4969106662538404,0.4026134069515021,0.6743055221127486,0.6155458091421444,0.48773850520169626,0.5977739903814888,0.5093640633498148
0.2656518355319593,0.5788437597993049,0.32064239359889185,0.550290333739625,0.20438552500073784,0.6032060619309684,0.29923603560826817,0.562217743381994,0.27386599039841475,0.5750029698038002,0.5618527496897326,0.2999207956214125,0.567019903450833,0.29003348956750236,0.27329053822400223,0.57527669664026,0.5588003250429419,0.3055702745883457,0.5508551075194674,0.3196711536873642
0.9590192572985007,0.6951889103836754,0.9811053308997698,0.6636549454873842,0.9227422045666127,0.7426657262196481,0.5401936577556826,1.0541329940336495,0.9044473303062903,0.7648402340957449,1.0530678898394228,0.5422670710811738,1.0280812139290867,0.5882640347292236,0.7394708355438807,0.9253045122389951,0.852283582094388,0.8225680839189958,0.6755993550774225,0.9729188395795305
0.25124823216651504,0.41584523879629215,0.3674691124575809,0.31783547345439916,0.39236331724312346,0.2865378929187487,0.35759307813778807,0.32890747523321223,0.3788393548011624,0.30419349113711047,0.329497942504348,0.35704907601301206,0.35264924623583904,0.33420270185269124,0.18726598620131393,0.4483128229354962,0.3574174170477421,0.32909835427614137,0.3180215746092324,0.36730806536122873
0.37300547828557723,0.6474135369931774,0.484233319605336,0.5690302864497329,0.38781026052063905,0.6386552877319521,0.43246524126837066,0.6093038567149878,0.44916387471376995,0.5971006517876037,0.6093218441000402,0.43243989757606166,0.5990121999179026,0.4466114184193942,0.40549814147396335,0.6275736068177422,0.5747774956615562,0.4773973242427089,0.5678473767417437,0.48561994547237103
0.3269727473791165,0.6317377890127146,0.5573560320016111,0.4419932863593514,0.47808219779736777,0.5267268967354516,0.5056472477335063,0.500324567111041,0.541632294259219,0.461127172709238,0.5051725349093898,0.5008038753529588,0.4813903534638491,0.523705202558912,0.3793504350185238,0.6017450116507633,0.4688405681518809,0.5349694694562878,0.430769071067424,0.5660758067671052
0.27669920702732015,0.5879250880634763,0.4195095467561713,0.4962157802049688,0.30050880266153257,0.5761187550036244,0.38875446218362975,0.5206614336363996,0.4002172751714389,0.5119028159703196,0.5231911494811382,0.3853431995618964,0.5116872589902274,0.4004928330582985,0.36177271504265934,0.5397581523188483,0.5011306686052837,0.41362593406025144,0.49446997974904333,0.421565889833339
0.218717173337323,0.501229473936169,0.37685337623165865,0.39629499148714614,0.3250434612936013,0.439789649406705,0.39119416511508737,0.38214566939180017,0.3674550473565135,0.40502466051738095,0.39159230033872755,0.38173768188432894,0.3820596062203765,0.39127821910978916,0.27814491181756645,0.4708541127408738,0.37839941735164456,0.394819032473022,0.3681404675123862,0.4044017601776222
0.48339661557430896,0.6981857738832105,0.5997501325042232,0.6011950110927073,0.43077506765557527,0.7318254599888749,0.48555332611702684,0.6966876131368247,0.530334128007969,0.6632355354409328,0.6964470463241782,0.48589831700461955,0.6985840018849493,0.482820934831955,0.5042594183698923,0.683270152858188,0.6479400972810996,0.5489164719125789,0.5984101884272778,0.6025287621251152
0.7058396742062975,0.5597272788255907,0.7478352303534332,0.5022417152998944,0.6108285858112793,0.6621123100358014,0.4545855991068912,0.7777250191615167,0.6350597149117189,0.6389079987301763,0.7890512415774403,0.43462904931706153,0.717404389353079,0.5448258570241399,0.6416986518710558,0.6322397587403233,0.6223677958762431,0.6512776665918305,0.5507198705412645,0.7128898207550487
0.2907458194435952,0.48924299850047104,0.3429291044517003,0.45419321045741573,0.4105201075026901,0.3941637787032686,0.38143248795678314,0.4223755440798602,0.4064490173764317,0.3983604390239982,0.4090190167394838,0.3957212239078482,0.4698415973121521,0.3211552841552277,0.23269647973078594,0.5193690320249749,0.46696551896298544,0.325322989051326,0.4395378712076697,0.36152220247156247
0.33184446546299434,1.0220212116935123,0.7837919600454549,0.7350634460901996,0.6379772023833981,0.8646578488910792,0.8080756939318848,0.7082808618665326,0.8097044139284644,0.7064183381500353,0.6922614208335934,0.8218407580762529,0.7584910730841271,0.7611434808638808,0.5606517831388224,0.9166884336966157,0.7636563739240834,0.7559610102214374,0.7478308057011582,0.7716198497020745
0.31786409452147035,0.46006780567022454,0.3682943576882013,0.4207840711044145,0.4447459525899482,0.3389705091228871,0.39927911395305543,0.39150499046759635,0.41839268839281396,0.3710087959868383,0.38216542582009827,0.40822733336697664,0.4543635716916088,0.32596581587616513,0.2269044002829457,0.5110913436289118,0.4571489884904691,0.32204777708021937,0.41498523388906156,0.37481625372202126
0.41461932309641564,0.5924888329104718,0.4398238697919771,0.5740271454990199,0.4230421512792455,0.5865045084648292,0.3252301295728428,0.6458928417520778,0.4184827121113414,0.5897664112786343,0.6417836253862643,0.3332656273824322,0.6523389561804661,0.31209948166878265,0.2978396147355206,0.6589717475755236,0.6424344460782194,0.33200931116568744,0.5786370122718462,0.4337411765530849
0.22553634380313303,0.47757626485930693,0.37555059166734434,0.37135896950438596,0.41303779972804505,0.329158787105657,0.397619158104845,0.3476272950173018,0.4047119670123315,0.33934341733715917,0.34163090104834,0.40278289261331746,0.39043747092203923,0.3556744472590822,0.20227958477612193,0.48788185118515276,0.3866833934002488,0.35975225419935913,0.37260975004521524,0.3743096382733072
0.4715948015231452,0.8769586400725785,0.7564160343904106,0.6475282975582506,0.67079579632662,0.7358607971974978,0.676019412992589,0.7310648852726799,0.730356909688427,0.6767842327448031,0.7258352300962624,0.6816313754315503,0.7459171602988038,0.6595951054953104,0.4586335707009754,0.8838061784394102,0.7150410408929203,0.6929461905951791,0.656850754571039,0.7483349513694103
0.5292702236122444,0.6811568159721656,0.6707009535036871,0.5424590385615662,0.4904007759275684,0.7096538991068342,0.49127393182391893,0.7090497171977163,0.5569863269220705,0.6586864270423023,0.7165752900575804,0.48023060213483726,0.632157206914571,0.5869232005074106,0.5235604449441945,0.6855552771569415,0.626537512316783,0.5929184793947571,0.5761007595791731,0.6420354292094741
0.5043862136718708,0.707492906989086,0.6557465328229907,0.570042235867431,0.47138329482672653,0.7298968799360722,0.51925235924444,0.6966553332898533,0.6259212639897453,0.6026393923961436,0.6988363043208791,0.5163133600297879,0.692098025228568,0.5253113262217274,0.6271421408903279,0.6013687729684752,0.5833672958064637,0.6439210077063547,0.5749008672788142,0.6514911041481539
0.37796003024111974,0.8712755192034939,0.6671408778755193,0.6759422045490777,0.5079332589988083,0.8024827843798492,0.631358394479153,0.7094796632348894,0.6502501983280766,0.6922062513423891,0.7080221353285905,0.6329924728683027,0.7180617430914351,0.6215803632127352,0.5146302406822584,0.7982045666359637,0.7146389038870082,0.6255126312668365,0.6880963184965385,0.6545977935302686
0.459100922089492,0.9184333491515269,0.7295970535199308,0.7224829499663972,0.5886207937054142,0.8413198171413296,0.6580427538186783,0.7882088604195228,0.7254234260120205,0.7266734662075497,0.7790471244229465,0.6688640006947977,0.7856208897131126,0.6611303132843703,0.5094052109434624,0.8915154539102275,0.7822582687333606,0.6651056115350386,0.7204858016475074,0.7315693289917647
0.32684478923239735,1.040106481458445,0.9131202412401214,0.5957016317401014,0.7719421432062131,0.7699054075420144,0.8911777221066965,0.6280535619204436,0.9152691767345617,0.5923945839893159,0.6211763163221543,0.8959849290365747,0.6358189778293476,0.8856541291340997,0.5435460806225563,0.9450961153555201,0.6302049231340086,0.8896576666774111,0.6044384463212553,0.9073605532691973
0.3629260206847223,0.6073735326451475,0.5636629846510941,0.4276703688380971,0.440908813624048,0.5533690655579945,0.526206874668343,0.4729949573723468,0.5855637290636186,0.39715617060924857,0.46071148619181296,0.5369942561506821,0.4808437474177048,0.5190445021548653,0.4529860424927681,0.5435269542116873,0.4858000096186541,0.5144086462166136,0.43587991455335157,0.5573388598840533
0.37137376642436015,0.6226420562792604,0.5822418800891341,0.43196758872182905,0.5467662868848854,0.47607586807356256,0.4990059422680539,0.5259226884410413,0.5670317209837581,0.45174841674772737,0.5263654213030646,0.49853891311744974,0.5275995912113131,0.4972326175841004,0.3453116944906528,0.6374648525870857,0.4898286053536833,0.5344806282861395,0.42839780144732925,0.5848734293426019
0.3965110512762737,0.9745754357416148,0.6510397630433011,0.8265382753821487,0.33684994585435163,0.9967699873657385,0.6251206635583659,0.8463110833065597,0.6379392847698928,0.836690960081709,0.8458431028314978,0.6257537368067079,0.8470344456447362,0.6241401618438672,0.6626883279302821,0.8172285321500597,0.8081037965378464,0.6737852386007676,0.8034096783139493,0.6793755828160524
0.25440680058201864,0.381839441758534,0.3003162571841471,0.3468923826430224,0.33240133356906254,0.31628078175310725,0.3077026966653503,0.34035750311946894,0.33605098130882194,0.3124002519624875,0.34698081425668464,0.3002140802870778,0.36352751157410734,0.2799498665718295,0.20166301807412798,0.41213615056930136,0.369369570300148,0.27219533427509723,0.3318861546707442,0.31682133735390156
0.4262163639502046,0.5844073305591374,0.5165377226258699,0.5063408911145435,0.44562846997524075,0.5697434366956026,0.41433213681214776,0.5928922307762768,0.4742228757131035,0.5461730321615894,0.593211281375491,0.4138752137529358,0.5879157650900257,0.4213637028373468,0.3810240904889755,0.6148275850815733,0.5522325729272674,0.4671525471495585,0.5093403133673661,0.5135803365482595
0.4776938402256349,0.6049838852376195,0.6563162288683243,0.40428444703052946,0.6265306609597331,0.4490615072170845,0.5803269192795745,0.5073633541616873,0.6245948503498859,0.45175012927847974,0.5035947480050336,0.5836002366076168,0.5243560270513624,0.5650200556454881,0.35964409629501826,0.6818013129841121,0.5325525008066968,0.557301301156971,0.4418876574796031,0.6316108014860959
0.4112043192429914,0.9029033379510303,0.5769811436189307,0.8071035805616249,0.49473509567511664,0.8599771014129025,0.5849109361214946,0.801375459227871,0.6006052799054614,0.7896814089219062,0.7857447565223094,0.6057463226837628,0.8522550321335959,0.5079220314675944,0.4809860064954949,0.8677418345353185,0.8406173768378082,0.5269590644495327,0.8189179415778496,0.560086452977665
0.6041734343988363,1.1389719791221902,0.9754791681496601,0.8430439493673216,0.5760674751766514,1.1534422274662923,0.8782191493739061,0.9439352910723152,0.9322384718237594,0.8906257012407095,0.9497370840735627,0.8719416145558431,0.9461760169397708,0.8758045746779325,0.9321156984228323,0.8907541932612607,0.8192025118048943,0.9955852312641825,0.8100472151017764,1.0030484621216766
0.5522874162373678,0.4847621542801661,0.5570087754045983,0.4793296991411703,0.45108348962466455,0.5801201787082829,0.37151089345533694,0.6340310658008109,0.4451840813374228,0.5846596189923244,0.6405102246576865,0.3602254689294679,0.580441236471703,0.4506702867504086,0.46586905977392806,0.5683148383614941,0.5586017000341535,0.4774723835735932,0.5094653607183285,0.5295854818484345
0.3690490553196484,0.6795765186604692,0.4890930140168703,0.5990070730691762,0.4039431460550462,0.6594326233226253,0.45739462973364686,0.6235475945249311,0.47159655417146934,0.6128769371094039,0.6225635100502542,0.4587331750603121,0.6562929022667202,0.4090245425171124,0.3972623906090072,0.6634787434082756,0.6372427556791747,0.4381131363944931,0.5982654319523933,0.4899999213038958
0.4096697556314758,0.5069422762497632,0.49571573086865384,0.4231851773134317,0.44311516967457026,0.4779840233027889,0.36721770405534143,0.5384894966076571,0.4592524112027604,0.46250081398079185,0.5384662357415584,0.36725181156089726,0.5404584850610756,0.3643136094821759,0.35484435688122007,0.5467222901236034,0.48570671908054036,0.4346363573936967,0.4172166194581162,0.5007495108099315
0.3185558244015835,0.6143375882571858,0.4843747211681059,0.49423639596770663,0.36639883123203676,0.5870607993024449,0.45141312311131065,0.5245137537650665,0.5057807748734955,0.47230741405804183,0.5080320234668642,0.4698850377890232,0.5387254686440993,0.43435395133465027,0.3917561323926435,0.5704521174810254,0.5314034807680079,0.4432818812375186,0.5029004273167444,0.475373164798418
0.6555557267581513,0.4640535337911463,0.6865518327891421,0.4168279909067148,0.6264242702443972,0.5026844206440387,0.48389308411398013,0.6410510714881608,0.5995919935607158,0.5344047477028483,0.6375485561385387,0.48849854828353695,0.6430984249476122,0.48116879464420675,0.47473678560149873,0.6478610788635285,0.5803985380437907,0.5551905349932479,0.47301881127283907,0.6491164743645694
0.4974789065833377,0.8125092237166822,0.5649093333382658,0.7671596614964548,0.47840591826217993,0.8238836559197902,0.5187959347926712,0.7990665048433937,0.5078604988396916,0.8060609250164273,0.798467187269913,0.5197178580473376,0.8150427608846351,0.4933171384105669,0.4539533485815373,0.837605431233375,0.8174581787936492,0.48930422749390684,0.7854497453110966,0.5391893903915139
0.5836335359387738,0.9665554343546688,0.7452914149960562,0.8481734602580505,0.612325043994156,0.9486387892398735,0.66463796334103,0.9127507269998891,0.6807743924774174,0.9007795171405385,0.9134439165410272,0.6636849578581144,0.9354526285759689,0.6322862418582653,0.49335193527445137,1.0156088715218532,0.9288940485848347,0.6418826672037601,0.8563269170067661,0.7359087736687377
0.3839987831362158,0.797126602548351,0.5891161949129722,0.6601575530368733,0.4550179728718033,0.7588310288226268,0.5135006192374281,0.7205435448209562,0.5681810019671328,0.6782597105416157,0.7230566832785621,0.5099558007382369,0.7135123529887302,0.5232265360939341,0.4695558575621172,0.7499221176692124,0.6861120015740183,0.558673614229691,0.6543712659509451,0.595536843728521
0.41681471177316076,0.49120120406182183,0.4684372030319756,0.44224395263011373,0.35970035398329775,0.5344424965949255,0.37052803554366576,0.5269934550812548,0.44542169970550755,0.4654166265334569,0.5125750113111488,0.39023068126648164,0.5248162412242925,0.3736054600370983,0.4217659171625584,0.48695650518537337,0.4574326306267841,0.45361714612676046,0.4571737833200366,0.453878021793489
0.24269346924418178,0.6894161102394017,0.5314357619058091,0.501767599630542,0.2454439817383265,0.6884416786481188,0.5644444306714316,0.46432443157280345,0.5179204249786129,0.5157064343804298,0.4764453753224169,0.5542512944552181,0.4692625338587292,0.5603457569999871,0.5320693974597247,0.5010956489117112,0.4608425078028165,0.5672908214253203,0.454177812247769,0.5726405573597053
0.4356978341475163,0.7816737439045957,0.7032879615306792,0.5533827678530349,0.6254289192286,0.6400664899705415,0.6703412308275406,0.5928651438930121,0.6577318226211442,0.6068239399546889,0.6007275634749853,0.6633044844353696,0.5996832286163917,0.6642488012084663,0.407085336777622,0.7969491659894714,0.6090855703177078,0.6556380195057457,0.571068712147526,0.6890043327852374
0.42853259312426956,0.9845380770589537,0.6477806474004233,0.856350186198521,0.3682038922705422,1.0086532120930245,0.6219223446512668,0.8753102340154739,0.5584878339114668,0.9170860090098589,0.8784218185498832,0.6175196492778744,0.8730013335500993,0.6251592438479184,0.5407938258610142,0.9276300159327318,0.8527587433780182,0.6525012905282997,0.8471814817954489,0.6597264171242657
0.42373995619927557,0.8176865130353522,0.5363876044210691,0.748635506707439,0.4625956398195618,0.7963492061273166,0.532058726780383,0.7517182286844686,0.49885459027947177,0.7741517175830444,0.7498526629489878,0.5346847369693555,0.791614207871912,0.470652451364064,0.38075334564565455,0.8385664397406551,0.7933534193728404,0.4677148020419057,0.7563957942282655,0.5253876535982442
0.1968424097945364,0.4034791978302401,0.2800036951689074,0.3509135621021391,0.3032236506482128,0.33105560720674226,0.32340237804424865,0.31137324748728673,0.2901663061916348,0.3425578960213247,0.32441925990911386,0.31031361745092184,0.3290965209430099,0.3053487797235504,0.1847745920790117,0.40914636439480806,0.3345107178047717,0.299407710403708,0.3163127976907407,0.31857277252224614
0.4640262955014278,0.7234170115371613,0.6047355344456017,0.6106942843001958,0.4616105541385581,0.7249608760519626,0.526162139522894,0.6795630790668562,0.5519992315443104,0.6587483767514168,0.6786988279195088,0.5272764706288541,0.6658436206957286,0.5434195876824266,0.512748841691829,0.6897399516062728,0.6406305302296312,0.572926783486195,0.6246035399597267,0.5903583601236743
0.4955959378228222,1.1106881727637137,0.943789092268263,0.7671412516734635,0.6350528813198235,1.0372807665386794,0.9423998314068046,0.7688472595178488,0.8549157334771148,0.8650795566634129,0.7657836355356812,0.9448909853784379,0.8065982248883893,0.9102982227328468,0.6429965479781486,1.032375411365393,0.8073453001899054,0.9096357056343773,0.7824825845622706,0.93110931450632
0.3906731134785874,0.9828841994955336,0.9057678716049452,0.5461422836416135,0.7723241637917881,0.7226356047388923,0.8504868248046773,0.6287757883750672,0.8949113742357231,0.5637556771124872,0.6273480835986274,0.8515404941740344,0.6357064195105471,0.8453189808623189,0.5498353885335711,0.9035307834983631,0.6035698977698666,0.8685563940925782,0.5532068433439695,0.9014704763276665
0.39204692066077,0.9911270166675975,0.7935312343649095,0.7115769327734754,0.7033340104760422,0.8008463153912183,0.792625797942128,0.7125853602233272,0.7908401059849302,0.7145666364543958,0.7036860671414567,0.800536988576414,0.7447916667252759,0.7624427351248025,0.4743656932772781,0.9544688262115069,0.740935129915889,0.7661910234559844,0.7066423321435498,0.7979286719943889
0.3462438264022675,0.632390410735237,0.5483050091580909,0.4681495870378518,0.4387085282936701,0.5721339407114102,0.5263110200402812,0.49274651606655134,0.5217710757653414,0.4975513676056411,0.48740657404095916,0.5312600591925016,0.5067680597189985,0.5128240951439459,0.4028691053450405,0.597912119688213,0.4747102069773553,0.542634903321821,0.46368564720266137,0.5520851741260713
0.28855852714290836,0.41104172219185536,0.3698383980065461,0.33976591990557636,0.40103125944496865,0.30231647311602655,0.3471475088005101,0.3629186246294487,0.39644052772765004,0.30831190204783415,0.36323245685105177,0.3468191218189674,0.3885754562282656,0.31816730785284364,0.2114214990977998,0.45554612355783475,0.387038365498643,0.3200353489873732,0.33661248051803266,0.37271082480768924
0.5603337418120378,0.560332034773535,0.612948694896533,0.5022347945245992,0.5120855846849325,0.6047431234536035,0.4718728812745932,0.6366175267176856,0.5205258998316087,0.5974936644107814,0.6342060608416834,0.475109002017647,0.6457718517317382,0.4592652903469752,0.37060917798224147,0.7004246773221634,0.6441751889350936,0.4615021314869151,0.5340211402238538,0.5854633320717401
0.4230654020027408,1.2563805611059737,0.9691444852923404,0.9045636601832655,0.7880274505439503,1.0660624680973925,1.0293831025593125,0.8353722983568858,1.0415191546666493,0.8201916234387973,0.8179729067368645,1.0432625616503002,0.8920245136409463,0.9806980757400999,0.7825583764781692,1.070083565008151,0.9087675934778294,0.9652035587072896,0.9058670303262958,0.9679263257420574
0.7561167692257076,0.7735707822045026,0.8369144378982848,0.6853455678868916,0.629797349447837,0.8794769027173409,0.7163875668569611,0.8105018061901967,0.6273729275223965,0.8812079967844061,0.8834131838030759,0.6242639429501924,0.7607785620041299,0.768986543042033,0.6955618273961462,0.8284431592174214,0.8231060227680888,0.7018695028762161,0.7063815111782711,0.8192371356636063
0.2724044744151458,0.7076294695105432,0.5067107941103637,0.5640814080726375,0.283665089245872,0.7031911411161947,0.5579347538212405,0.5134710062696789,0.48518566631950777,0.582699350436621,0.5304861285717974,0.5417823651560386,0.5221242984439937,0.5498453244099946,0.5117208887912628,0.5595403432960351,0.5048305042623952,0.565764814889845,0.48937094343524196,0.5791888668840812
0.3671971781590149,0.8416156893061963,0.6339487796426454,0.6642737996668903,0.5213409941324497,0.7558798211166087,0.6179688216029939,0.6791651284193664,0.6309965495853672,0.6670787738683105,0.6743764930719669,0.6231910475337741,0.7102101093991297,0.5820243436846638,0.43892945394886257,0.8065306383457733,0.7072593794226201,0.5856064432304494,0.6791300243700499,0.6180073997400214
0.26578742438581376,0.574113390517352,0.4790171743652367,0.41326950866972834,0.36384434432391133,0.5175581447880782,0.4736327920684925,0.419429515425868,0.5005455394025089,0.386915110996231,0.4062597527311535,0.4849764462773386,0.44387516195989396,0.45080370531757186,0.3813901271793582,0.5047679774144624,0.44280225073377366,0.45185761792635354,0.42540061850419547,0.4682771123055474
0.23990930927983792,0.4238542023999692,0.37095919349744005,0.3155917272853834,0.38950857693814156,0.29239003071730546,0.35657035547328053,0.3317626307601586,0.38835643097142,0.29391860113708984,0.33057446173962735,0.35767217786235295,0.35370681220817185,0.3348139073706109,0.20054144496659218,0.4438377974237371,0.34693067364872604,0.34183032231340177,0.3219288078450354,0.3654732606507859
0.3705185769187048,0.4639174604069618,0.417549531360278,0.4220850800171921,0.407748908807978,0.43156025451634267,0.34584680404571766,0.48259031698084265,0.3978299450069901,0.44072072877054747,0.4856109137459001,0.3415925443612304,0.5077296674883315,0.30775641449772495,0.31538092154620645,0.5030291246408828,0.4905666159053252,0.33443657286771783,0.44301363804085503,0.3952750212473759
0.4560383703254143,0.7513476932135218,0.6361018302415824,0.6065218980957318,0.5499012908703591,0.6856405192266957,0.5438507196884386,0.6904496694189283,0.5963988977188043,0.6456025914648541,0.6904773772352664,0.5438155411834491,0.6904111791747168,0.543899581703201,0.44127513934316337,0.7601122303344499,0.6549118100539977,0.5861611317360924,0.6081890031181455,0.6345080675550915
0.3105352529070789,0.8019067437890933,0.67427384023002,0.5337053095238528,0.37877208142170155,0.7720222013439522,0.6352979595160259,0.5795542008020166,0.6630870499887846,0.5475419008346859,0.5763346148042362,0.6382201664088519,0.575636827200234,0.6388496006129596,0.594701971962461,0.6211409933150849,0.5534597504824152,0.6581556606369291,0.5386574052694959,0.6703243757919177
0.2753812125872099,0.44577232969765473,0.33383969687811393,0.40385497268005216,0.34879777348800484,0.39100881752191624,0.3881783242330114,0.3519451246511703,0.34263012566503254,0.39642449363887783,0.3768819161262525,0.36401621319260097,0.3753906300798256,0.36555390439488983,0.29129399663425265,0.4355405718126851,0.35498820919984914,0.3853973968505247,0.3257250393189887,0.4104278023364401
0.3150962757829346,0.5531951514482144,0.4097807854325485,0.4872270995012201,0.2810930416735475,0.5712243346714156,0.36366847071291525,0.5225473969004321,0.37701138124795325,0.5130038567180548,0.5200703953998825,0.3672020185493239,0.5130297959838298,0.3769760828366677,0.3499217122720269,0.5318508567998184,0.5071731436113909,0.38481936151579965,0.5027486191725241,0.39058208422584945
0.3771502748870366,0.765994924394158,0.6349814641789011,0.5707793743594788,0.5163737602130519,0.6799622738126083,0.5634043984752853,0.6415341283390003,0.6233862708905547,0.5834210411959335,0.6430787485204716,0.5616407012016873,0.6334828005321359,0.5724422202064948,0.49367353517316814,0.696618256087655,0.5922215254952087,0.6150318843646294,0.5734724557409081,0.6325503114784399
0.44303702273168566,0.5355162372741379,0.46220407897111165,0.519063419321448,0.37734010311544103,0.5836727597515882,0.2877059950231004,0.6326805705274777,0.38771472678166113,0.5768333680811372,0.6391121517777898,0.2731210379029239,0.6127697410183115,0.3279827562350776,0.36335196812750276,0.5924818909916801,0.595491519885487,0.3583982333099306,0.5387690647257836,0.4390755502071499
0.5032991109522227,0.5111202963022664,0.561806910116527,0.44601227351131817,0.47468376820093466,0.5378004021790758,0.4381996164399854,0.5679216922510215,0.4991601212803618,0.5151632029762887,0.5660630991387287,0.44059791212722754,0.5869842651855409,0.41231471572332323,0.405315771280209,0.5918387262835574,0.5575944531402593,0.45126752398619313,0.4727936850206117,0.539462773305114
0.5373404080988019,0.9279200949218622,0.5936476483835086,0.8929461833191935,0.48203490952693717,0.9578166644681759,0.5000159457185318,0.9485538839532454,0.5554121615469071,0.9172173938284081,0.9398100161302266,0.5162630630956351,0.9600582786630403,0.47755472807432736,0.4222062384496682,0.9856532397094663,0.9603965649144199,0.47687404504351794,0.8982773976829876,0.5855494287824592
0.475285525681798,0.8130978905766522,0.6623268835143397,0.6695876417295997,0.4698318273948599,0.8162613334892391,0.5664941787472157,0.7524020574322893,0.6281255308488429,0.7017712077868995,0.753919251451406,0.564473447447952,0.7444934096251912,0.576848397421265,0.5971943819897472,0.7282742482765049,0.6950786089762206,0.6355235935246673,0.6839222554147123,0.6475143698260891
0.5622563043109076,0.6834226785599612,0.6584686703506732,0.591284804027677,0.49771017233572074,0.7317672400845634,0.5707164191553343,0.6763737710866269,0.5352202991178033,0.7047963824535999,0.6763906169370407,0.57069645401646,0.6890557929191627,0.5553384765635961,0.46943318826129327,0.750220761553737,0.6251215033147856,0.6264358030962905,0.580021192674865,0.6684116436414458
0.5329383900564133,0.5227435614495919,0.5871179514271786,0.4610603753792752,0.5011434569339553,0.5532986482951227,0.40322109566842096,0.6282490800955327,0.5216153717825514,0.534042659862558,0.6277195863679965,0.40404489790482,0.6263765430605728,0.40612385418294683,0.4716887165194689,0.5786137859929895,0.5060482980653169,0.5488162521811113,0.4632740743480741,0.5853727792354716
0.40182577392415986,0.724136759215231,0.5307784698754983,0.635698210279935,0.4280146036993859,0.7089721416646392,0.4918906377151331,0.6662443989743458,0.5005683552279647,0.6597494375752494,0.662991706994976,0.4962660527301616,0.6760198633612499,0.4783671633562704,0.4106969720753841,0.7191425420350258,0.6701328804860436,0.48657981989388516,0.6515091158857637,0.5112473672834298
0.5097829913920041,0.820612338745863,0.6207543326212455,0.740234670456935,0.5246439965242677,0.8111917071356063,0.538014847268664,0.8023860248864079,0.5516219020989664,0.7930930499879906,0.8019565189357463,0.5386548528983982,0.7945403286041142,0.5495352354819492,0.4487571576024842,0.8555117312550858,0.772191107537987,0.5805206303429638,0.7539793528026758,0.6039854670120741
0.3584258482528744,0.9872975108080098,0.8104736086780904,0.6681002867682353,0.5368525230708711,0.9027817189198751,0.7991937223319168,0.6815532684454969,0.7980329686922136,0.6829120327126891,0.6786461851012408,0.8016637817632881,0.7074233355578996,0.7763875886769571,0.6544635372054209,0.821524766523842,0.700770238161397,0.7823979402137403,0.6796712215815628,0.8007949138807706
0.27709976666315733,0.5285759827817867,0.48832101900354086,0.3431026561509712,0.5097961854019598,0.3102977595924898,0.5042129294927297,0.3192901063153503,0.5124440375402302,0.30590514648821315,0.32287263278589273,0.501926402230859,0.34173801179228397,0.4892769988000303,0.25682135714860954,0.5387203734506932,0.37671004580807704,0.4628891785792627,0.34547840705083205,0.4866431141197085
0.3430980262995863,0.5254713593496702,0.5280068565864967,0.33918308410813836,0.45268327534395636,0.4346426778071035,0.5024326984731022,0.37602897315565786,0.5508217165159826,0.3007188749677152,0.3583558673507993,0.5151868374509564,0.38956194479448625,0.49201412206907175,0.3873566500786304,0.493752195729116,0.3872801082287891,0.4938122344755739,0.3611611514690394,0.5132241496822021
0.4066080594878713,0.8067793733571113,0.72545344896931,0.5384611078745783,0.6325388328894509,0.6450718535185339,0.6434664726645306,0.6341718772317583,0.7035699182576088,0.5667560687261911,0.633488150424343,0.6441396079942068,0.6283865622294199,0.6491174005713272,0.4537921495811368,0.7812142832114097,0.5896058598510722,0.6845348795673332,0.5397837202852637,0.7244698797258488
0.48215303728554376,0.8193507094801902,0.6811823845727982,0.6631724477366973,0.5858036374169289,0.7487597978513946,0.6291595551176191,0.7127169078207458,0.6266923860200319,0.7148872567012825,0.7225007411384041,0.6178995189703764,0.7322768929235706,0.6062818557235303,0.4644414890111479,0.8295186795814026,0.7294587812009031,0.6096696015205768,0.6799264192212783,0.6644600822730411
0.2564004112412251,0.4950933932556539,0.26422607319786784,0.4909615271816131,0.2752065914061058,0.4848917105671117,0.23463915925259043,0.5057698131317292,0.27536083035397346,0.48480413780911263,0.5027382183349668,0.24106622068520947,0.5175580835518665,0.20734577179239985,0.20812795995230196,0.5172440344906453,0.5125319655555156,0.21947579186294464,0.4930423636426992,0.26032262019211316
0.4835630025090167,0.7900119785251476,0.5400485691848764,0.7525288343512967,0.4463089713413424,0.8116405643565299,0.4654740686548497,0.8008033435361355,0.47610655583769257,0.7945279423010393,0.8010117867359731,0.46511527723651197,0.7965355508397669,0.47274011873030486,0.4484989898795022,0.8104324522659614,0.8032371532246041,0.46126150857012493,0.7719574905431611,0.5118923093806537
0.4165772522836677,0.91030631676549,0.8559330294148807,0.5192040510435451,0.753227396301037,0.6594260283950912,0.7906138813027732,0.6141041346178412,0.8311567256505632,0.5580077910470407,0.611513687533888,0.792619207073655,0.6040809646578057,0.7982984314161329,0.488968412775828,0.8735582915700879,0.5652748231982863,0.8262315484908026,0.5325821919212673,0.8476735257820086
0.3973905774914803,0.6738936239889708,0.5782468791694688,0.5269558181316251,0.4847932117749656,0.6140255933989347,0.5060671751812295,0.5966136955653059,0.5313168824539856,0.5742423338202943,0.5970235463855894,0.5055835960483435,0.5736918632140429,0.5319112083929052,0.40231227559684124,0.6709670039846162,0.5461794274500993,0.5601249151415086,0.5349965822041299,0.5708156835283174
0.4579106792584618,0.8448537903473069,0.7466376979884713,0.6049729458295086,0.6803052066893269,0.6787082900588067,0.6581432184654453,0.7002196949751573,0.7278360842802728,0.6274669327245196,0.6977873558157328,0.6607215172119378,0.7126662387835342,0.6446448241793986,0.44382740865728326,0.8523364057505217,0.6715671575997784,0.687355563065079,0.6103030434306591,0.7422872169331978
0.4184047589527391,0.5643827562950358,0.4651504241769591,0.526522099066579,0.42431329627559755,0.5599541628751575,0.3450086232559966,0.6120126532976938,0.43054109336942586,0.5551799751771859,0.6142371218374608,0.34103254401055894,0.6172727586608878,0.335506750055284,0.3604257431031453,0.6030619550477604,0.5703341666241648,0.4102552574905054,0.5151850852847883,0.47767642376151115
0.43247130036989695,0.6176301915982857,0.5334593080435894,0.5328411075349007,0.4376413843293997,0.6139776037768897,0.4218529493769851,0.6249308508301568,0.49314039787807573,0.570360436213819,0.6250528926340113,0.42167210084047524,0.6123620714163581,0.4398990483145331,0.4248907442433977,0.6228694362975731,0.5767391231939983,0.48566496990701596,0.5309661609778199,0.5353255225690632
0.6170286086414281,0.5017098264371961,0.6716240275025882,0.425861737547318,0.5470207479646179,0.5772394261672085,0.4694240723447669,0.6419330916293948,0.5725937838870998,0.5518817015262159,0.6400718627119303,0.47195875284827377,0.6342213074961742,0.47979202467679816,0.5429647043650423,0.5810562654678119,0.4843396450214674,0.630755231517026,0.4275072992624522,0.6705777828879677
0.42294292614571755,0.5873547570260083,0.5707549174015623,0.445090051157874,0.5079520233056247,0.5156074780271375,0.4418852871744069,0.5732396726994521,0.5373665324981924,0.4848747664383579,0.5733080052918745,0.4417966279251517,0.5473826233936381,0.473538375408458,0.36328663262032296,0.626010504654011,0.523954616276761,0.49933745048819966,0.4447288339779838,0.5710364205603404
0.6464791187953599,0.5754254391067495,0.6857871314155554,0.5279637273472908,0.5926442057627693,0.6307317436005873,0.5384712273024678,0.6775680219557255,0.5561555236883263,0.6631294899795847,0.680533452663492,0.5347185304583406,0.6813779071212505,0.5336420473469881,0.40062635035585153,0.7671689607968841,0.6654906569237624,0.5533279972645517,0.5395507065613373,0.676708742413442
0.26942469557411425,0.4532875797391047,0.35917330851598483,0.38607490332916033,0.28346759279182815,0.4446407767712557,0.33981756525789725,0.40321621851450135,0.35168223882296196,0.3929108033986957,0.3947909722646624,0.349570285850016,0.40850531611036456,0.3334407042346667,0.28410553915120135,0.4442334286774742,0.396424769407198,0.34771640561151157,0.3934238981927309,0.3511081498082536
0.6565931332423774,0.8509446587382722,0.7352327145562215,0.7839988586104744,0.5592997198859533,0.9178263333505586,0.6142224634441129,0.8820159410446515,0.5695819687815142,0.9114810671073814,0.9063137464226176,0.5777687668104219,0.8702761824537981,0.630746162184028,0.560175318404981,0.9172921930912281,0.8611461523632491,0.6431552371909979,0.797325583615198,0.7207588144233276
0.396426690118604,0.7006411729388676,0.5296463845054158,0.6062399535133635,0.41329465608916,0.6908253767079543,0.4583729899861155,0.6617751702101948,0.4895637607291725,0.6390457714720077,0.6619623516010169,0.45810262924195877,0.6533092569117909,0.47036070062124397,0.4230643437561108,0.6848859283835195,0.6496625675641658,0.47538481482003564,0.6195870689413709,0.5139689074799999
0.46865315772989513,0.7017832373451026,0.6517473303777853,0.5360605486455841,0.5475143814862952,0.642155352336531,0.5240297618894211,0.6614592225699868,0.581590878076307,0.61146344535647,0.6682842506509773,0.5152976370997993,0.6316231552859366,0.5596317397855595,0.4523833079047291,0.7123797001585248,0.5984887669913346,0.5949341898512529,0.5578221690830297,0.633221858552181
0.4147631596798157,0.7729887060377174,0.6961581448681593,0.5337638575467356,0.6178256179204324,0.6227612095584348,0.6142777362924192,0.6262610326253025,0.6675424023831674,0.5691459912096003,0.6256263646184929,0.6149241174191314,0.6280260389470198,0.6124731118130537,0.4155172447708621,0.7725836120365747,0.5921204289452424,0.6472506592620445,0.5392740398867653,0.6918984955856289
0.5724502666716625,1.0570110918143507,0.8040787234116066,0.8935486347075823,0.4391153023370096,1.1189948647265993,0.7327828139783448,0.9528909190295614,0.6830720643244813,0.9891331108453074,0.9514630359981102,0.7346358602466141,0.9330804241996802,0.7578473975718122,0.6737663727167711,0.9954951687613097,0.8931754967653015,0.8044931870495116,0.8796793484167057,0.8192289057401378
0.2340290722061135,0.4626857221902828,0.2478929384881403,0.45540836092908193,0.24216857173731673,0.458477989677919,0.33436508935403625,0.3962924061569502,0.23040735902092258,0.4644998741285099,0.4194782104196449,0.304771578628208,0.4118803895685394,0.314963853235996,0.22712017227239592,0.46611598503307633,0.4303947053508825,0.2891506212380061,0.40275761840970636,0.3265485951115687
0.3420073769791292,0.6859954526831904,0.47126164341510096,0.6045421990695586,0.4135016307294882,0.6454263772067372,0.46280033899209255,0.6110439045101128,0.45379086445618144,0.6177642417186925,0.6103036724798442,0.46377606058072324,0.6353585683656562,0.4288103270847187,0.3513165428284784,0.6812749032110352,0.6383138801972507,0.42439863024954444,0.619022191568618,0.4520733716508248
0.669469201757116,0.7658153102501171,0.7197752796735586,0.7187389291569253,0.5605294472899855,0.8488043592227696,0.5900892624336141,0.8285268637016826,0.5376153954131092,0.8634997325590782,0.8528507782104694,0.5543533634971378,0.8165374362933923,0.6065712791141761,0.5061965840240505,0.8822851692265804,0.8075757631287935,0.6184524947978947,0.737787800906211,0.7002365759861238
0.527989556887405,0.8010797776795401,0.5846099011369478,0.7607450597157419,0.47110808372447005,0.8357983942546895,0.4873479889046696,0.8264343410700172,0.4888487037324611,0.8255475317922961,0.8267009470226558,0.48689560131624043,0.8113822421152326,0.5120162493215596,0.5088402922042682,0.8133777347694824,0.7948675123426792,0.5372963988446416,0.7809512379149673,0.5573301951162699
0.2665999461079045,0.5452543361422123,0.35207036767620414,0.4943928382885058,0.31999425254366987,0.5157339437012463,0.3649566266978168,0.484958228073277,0.3558873516765703,0.4916523316971652,0.4814275755410758,0.3696015582424727,0.5115743196627462,0.3266030278613787,0.2972895989586396,0.5291471597747015,0.49304329515373396,0.3539578102692044,0.4803758296955032,0.37096749802506834
0.8179197325208816,0.6395057020395094,0.8251110617710432,0.6301999425032805,0.7153662548645395,0.7524701676406573,0.6004323816440311,0.847019000295361,0.6671467481615373,0.7955346932758889,0.8410438045029188,0.6087738091404163,0.8527622305153835,0.5922472541046554,0.6503032616043025,0.809361414780123,0.674537166819647,0.7892780513652966,0.6407625638248619,0.8169354739443416
0.47220386389259894,0.7278035630507049,0.5918670791167072,0.6343247402728817,0.4712974874973024,0.7283908248619909,0.49842738113779705,0.7101018667744217,0.527169691987994,0.6890331133651598,0.7117646229102376,0.49605003481286924,0.697331832220986,0.5161422587191675,0.45633974972833136,0.7378540155628927,0.6931642131040078,0.5217258754713083,0.6540255217601573,0.5700220454953963
0.6353882950959122,0.6534716492328556,0.6537312121013731,0.6351212358443606,0.5292332099513155,0.7420617840723406,0.544736359130277,0.7307569917130374,0.5277966063372767,0.7430842645587727,0.7498201347241004,0.5181826390939108,0.6866682309577272,0.5993581754588684,0.5465095261034344,0.7294318472442767,0.7016698478368109,0.5817240811008816,0.6504422104827903,0.6384891641353515
0.546987319578156,0.8958765839215127,0.8194148497481059,0.6560101259968968,0.662224465678735,0.814400846300327,0.7801909938844137,0.7022050942992553,0.7563206862244521,0.727852320864026,0.6875251726951535,0.7931576881734644,0.7213624534851106,0.7625130766748313,0.5064059234954178,0.9194253760077151,0.7378623772937082,0.7465581648958458,0.6776352975837516,0.8016235930078129
0.3436568581584363,0.5554976557280791,0.4065299118311668,0.5112837885805326,0.3446115763131713,0.5549058867498797,0.3561798274725167,0.5475523830469258,0.38484861315084695,0.5277965769447437,0.5585160210993835,0.33872929583080374,0.5466324379258884,0.35759007185032243,0.3559170274021848,0.547723243329979,0.536190581766353,0.37306479558352706,0.4887874780372165,0.433317992925215
0.3608122339333274,0.7359643898132521,0.5765278177133326,0.5826188519365408,0.4746496585092388,0.6682340554822191,0.5021205708877815,0.6478456479135127,0.5589941765994481,0.5994618934987075,0.6460420936676795,0.5044389600721102,0.6179569837181063,0.5384776852416178,0.44106681355842753,0.6908611417691445,0.6047082130298217,0.5533145835087219,0.5933507897359179,0.5654766940811206
0.3343006793347921,0.5736957363360426,0.42123120350894994,0.5132718726798297,0.31343065147559995,0.5853588376452846,0.3367820409653842,0.5722426049998793,0.3772178546612689,0.5464342890216605,0.5738157075221264,0.3340947109649286,0.5289265557107368,0.4013981075663344,0.35892622982346084,0.5586194622805168,0.5313076973068791,0.39824097337707415,0.512534893990476,0.42212761641004864
0.33685972350810467,0.5484827033515134,0.4214823451530906,0.4864775245805216,0.4166481875619591,0.4906241300619809,0.39821240178658035,0.5057021181101619,0.44124984666041744,0.46862172593670803,0.49713434267211287,0.40885840401501744,0.5390536191878862,0.35175125420982145,0.2969054335729793,0.5710997397237912,0.5043475604017962,0.39992660265915997,0.4674135681041991,0.442529440319898
0.39176608316510547,0.9625794282616725,0.6936613895653113,0.7738693017928918,0.5871388912998702,0.8575008699437312,0.7438359837239807,0.7257739654661597,0.7566007283103563,0.7124571268162984,0.7203137487824085,0.7491247712805456,0.7836781844036171,0.6825601240337343,0.5905348685987678,0.8551657082695333,0.8003624408111886,0.6629176290987088,0.7825925189898392,0.6838046276914442
0.52214173573508,0.8790415158219349,0.7294493781280329,0.7164143936881735,0.5445578523591842,0.8653338801693368,0.7231164255554876,0.7228060693068524,0.6120417381158118,0.8189938275342149,0.7200145083056158,0.7258960576862156,0.7612313245289952,0.6825487889453755,0.4500932586308795,0.918020717233551,0.7672379823020264,0.6757898025629586,0.7342861263238972,0.7114561570632536
0.29329009105379555,0.586205926663252,0.37668938134615376,0.5364341301096693,0.34619637331332515,0.5566008777123573,0.3841137059303397,0.5311432263353513,0.41596132132519414,0.5065892272116179,0.5213841299553409,0.39725943034266403,0.545433844429656,0.36353595051404686,0.31144314056203,0.5767665352309593,0.5377862288501862,0.3747565049796479,0.5245675866983149,0.3930461969679538
0.28094836991591576,0.3631018476496069,0.3146324283511896,0.334337215031175,0.28609523768521167,0.3590605148144402,0.2622146921052898,0.3768532785701839,0.2949734358544627,0.3518033690361447,0.3768161382373136,0.2622680618925728,0.3752745197130628,0.26446922917250437,0.23709930206768526,0.3931397452356924,0.36771425304051825,0.27488391447267757,0.3405621763298939,0.3078836507163296
0.3561025878531431,0.7999334804760697,0.6838473051647475,0.5468596615962606,0.5982378922878308,0.6393856821146982,0.6817049078093935,0.5495280201507929,0.71527746534412,0.5050552185980809,0.5376855398345481,0.6910838491204193,0.5727487133089365,0.662315285694979,0.4756201530826509,0.7351789552509645,0.5759270799869313,0.6595533525045497,0.5468015578865512,0.6838937655477674
0.47347573472930926,0.8911695036936261,0.6215949889634913,0.794972971481723,0.45832468870748794,0.8990555240985884,0.5613774032977601,0.8385808051450184,0.5154440906676324,0.8675711758045104,0.8410368639476369,0.5576910875853472,0.826333927967503,0.5792534809397356,0.45643812744361817,0.9000147729380705,0.7932538333814424,0.623787392880499,0.7832727479838263,0.6362752218630462
0.3712395966487285,0.4046010615047124,0.4015408537287484,0.3745474601134529,0.3175841495430721,0.4479521905847256,0.2836697016216972,0.47016205447963155,0.34628582710615785,0.42615370822750664,0.4763840719654751,0.27309169351747736,0.45233389268653856,0.3113115908823405,0.324929795612535,0.4426527815498813,0.44664332230451087,0.31942229059888655,0.40609309162577134,0.3696068966137856
0.3216785345428348,0.619120868376352,0.4341374405206666,0.54617983483728,0.3763693489814718,0.5874809293857777,0.4255182150671389,0.5529213125669783,0.46153755920875605,0.5232311254926812,0.5394205136807166,0.4425078967263135,0.5676681918498226,0.4056359860844041,0.3757443487054824,0.5878808668944813,0.5371145799450807,0.4453040054335166,0.5322484771396815,0.451108953388429
0.5964507281742321,0.9208201449890622,0.9963420342613954,0.4593100927707917,0.8980023730687422,0.6302816422204891,0.8774300458527943,0.6586195602865226,0.9579964449721342,0.5347018065969122,0.6571271439638321,0.8785483067101012,0.6602361494166217,0.8762142646412242,0.6175290473104743,0.9068192136722,0.5211424056121863,0.9654396944553257,0.46089102632292245,0.9956117076512572
0.45685066888605047,0.9849454587899483,0.835923632686244,0.6928649008062153,0.7457831650973316,0.7890738628987655,0.7680454067127369,0.7674218811579715,0.8214906309588597,0.7099177654484975,0.7648283228813879,0.7706281379310106,0.7846988662361107,0.7503850876585539,0.4915468138592401,0.9680970097244402,0.757548148318558,0.7777858917669421,0.6991949686167129,0.8306361937175908
0.2032984598838739,0.3340128967580536,0.26305126185746885,0.289307643568321,0.2903611340917177,0.26188793557709533,0.2780263600500182,0.27494767158351957,0.31047270786027076,0.23770060299833545,0.2676961102166373,0.28501521286896825,0.2952816877587143,0.2563271422737484,0.20121262795218509,0.3352735559874009,0.2787719076416405,0.2741917258082416,0.28093874308240857,0.2719711411660027
0.5432880355814853,0.5746890622001806,0.551516707343856,0.5667969030782576,0.47550265506476364,0.6319229643278307,0.410294138225353,0.6760829297922167,0.47332877623082925,0.6335529002461736,0.6815186476637043,0.4012003747569887,0.6664735281646518,0.42572578507094627,0.4486440865357039,0.6512663751761304,0.612156907876422,0.5006928479194507,0.5597927631123646,0.558624623683504
0.2180983177319648,0.4662089047323739,0.249007776221073,0.4504583736936286,0.24539060943577376,0.45243902113987944,0.3120246903567855,0.40933874927378294,0.2338247566213348,0.45852328429453426,0.4297177625317151,0.28330242429956237,0.4154444296334551,0.3038478976985129,0.22209031401759682,0.4643204835766327,0.42618949568209374,0.28858297389055254,0.4068271378321354,0.3152924023388217
0.47958992182840193,0.6813673283413915,0.5873672747657969,0.5909886748362095,0.46931200771994,0.6884868689091587,0.4297958229911899,0.7138231432153093,0.5088891832987147,0.6597724822785694,0.7180372772258332,0.4227178701741508,0.6871160479302301,0.47131673631136844,0.4554988221707763,0.6977024811848483,0.6466344600465135,0.5254824491177722,0.6073716966038825,0.570409985374537
0.57303688352298,0.8002694326850732,0.6917462863046422,0.7002067624291801,0.5278984310209188,0.8307380340958698,0.5559415012109463,0.8122385622458081,0.6145262302285852,0.7688692653038369,0.8122594845254781,0.5559109322240594,0.7797909697384342,0.600606758438673,0.6149449744330899,0.7685343929762055,0.7187030059602629,0.6725090512338852,0.7176992748287495,0.6735801256555195
0.5309049094897055,0.5472510655076888,0.5773373039457554,0.4980214745291808,0.4508316810015039,0.6148939315239103,0.3860053368493789,0.6575284264146839,0.4761707954172011,0.5954873006297641,0.6676237926278464,0.36826922643194504,0.6073101687093639,0.46099686615179597,0.47818269233032545,0.5938729362206147,0.5814557492071599,0.49320681598444405,0.5238870255976351,0.5539730463028285
0.27215384078295296,0.4621815258804036,0.3464800085034232,0.4094277465261959,0.28615885417116194,0.45364367745786865,0.31696460082661754,0.43268108086773815,0.31903264024689615,0.4311584979739419,0.43088916839677777,0.3193963062973403,0.4304775978609319,0.31995079880808697,0.280239420823094,0.4573241114732395,0.41356599070039296,0.34152986290228504,0.41092490382043767,0.34470305965891157
0.25960021893164553,0.37872468235164836,0.30599398579394066,0.34233366669034004,0.3066249802811336,0.3417686061640385,0.2615133389949761,0.3774061899590598,0.32282122129649243,0.32651357976714585,0.3755847212617281,0.2641226530354131,0.38927000400384504,0.24350261328076472,0.23868313872906066,0.39224356970912755,0.37598335088932944,0.2635548871596704,0.3564968849070747,0.28936936559226023
0.4115101294024952,0.6396937674607731,0.49814151855894556,0.5748075592898928,0.42644363983263006,0.6298369033133212,0.3993713289029121,0.647341675144848,0.46499487049159155,0.6019372667857705,0.6466080782827319,0.40055798060771214,0.652426044513137,0.3910101778342325,0.3697301050664705,0.6647167457921852,0.6306240675743686,0.42527871816606816,0.586863554017951,0.4838800178705826
0.3068968799379774,0.4903101689387789,0.42122946173642295,0.39642842638448933,0.3879479058542673,0.42905265297365036,0.39275410860554477,0.4246574700319106,0.4337957471157543,0.38263691205204403,0.41676482185543984,0.4011194833765154,0.44476154053358563,0.3698336500950539,0.3252570182900506,0.47832795102680836,0.4152619636643296,0.4026751273844513,0.3900321893248908,0.4271588088414795
0.2280232494786054,0.6100920897821667,0.48054663150749316,0.439638368735436,0.3990063967932362,0.514782338115472,0.48758239798703046,0.4318221456696851,0.4718123889364464,0.44899891978003365,0.4398604371941898,0.4803433731289418,0.43235687485708146,0.4871082970771199,0.3467973719063052,0.5513062154161092,0.41685278860721847,0.5004405188910459,0.3993619995425149,0.5145065146710563
0.3728691785208896,1.0124954410213278,0.7905603283237397,0.7342974939767104,0.6305821052612898,0.875525357087992,0.7904974571491753,0.7343651766120884,0.7737918261539138,0.7519472402750125,0.7264504996855348,0.7977769825499186,0.7579520276613941,0.7679109102908993,0.5261565879875464,0.9419860334936604,0.7571106360766482,0.7687404809943531,0.7439415789764738,0.7814917590415187
0.4568605858816046,0.7678370411907036,0.8058875805641829,0.38579855397471996,0.7588368975498476,0.4716586474066805,0.7609815730370884,0.4681905191848465,0.810459089094928,0.376100228210509,0.45035076938097623,0.7716731829437512,0.4992419043040481,0.740980996884161,0.43159111923132315,0.7823198978405389,0.49423130916951996,0.7443324054434012,0.4108201176686514,0.7934243175472332
0.4557340038918222,0.5058324529428492,0.4755044801021047,0.4872939997129846,0.41634619578140375,0.5387168068770495,0.28774724158508275,0.6170587311704026,0.42241814777445086,0.5339689702447638,0.6172632521055942,0.2873082497135731,0.5990343499988011,0.3236012983208889,0.39096489850277416,0.5574104420372538,0.5398384368181198,0.4148908469552202,0.48299661715909875,0.4798689618701319
0.4629638027399847,0.8605976700218828,0.7030294701601462,0.6787587173516854,0.544021401155871,0.8117909505402015,0.6577282764727483,0.7227429325996545,0.6582146621480621,0.7223000005730813,0.7187922042394455,0.6620435026636544,0.746992456893456,0.6300524594340056,0.5150401952320045,0.8304802403368424,0.7220614216592693,0.658476374402268,0.6939603914625714,0.6880282024566112
0.24485181142658363,0.5561834850017061,0.47769884830901105,0.37562785955219935,0.49156321063334824,0.35729272102767057,0.5004958377287384,0.3446685291170791,0.501751187910616,0.3428384808883157,0.34756194973892335,0.4984908922349539,0.3758702058660329,0.47750818515471377,0.23935406681678864,0.5585714898254176,0.384592830539138,0.47051124667261274,0.3581913777771025,0.49090876487761287
0.37134423986350773,0.6369045886215801,0.574713292998288,0.46178851256619013,0.46279777709258224,0.5739008773344009,0.5012155364849559,0.5406727156729182,0.5481168399719674,0.49306381861395504,0.5410580696382142,0.500799525525334,0.5286076821057535,0.5139240390425545,0.4271466893151836,0.6009074015970417,0.49549029940363926,0.5459243195571364,0.4596410032055901,0.5764322576497511
0.5094253311212191,0.7992972919409653,0.8523419936724811,0.41461241505114727,0.7534071102397362,0.5751243823142387,0.7921273673055338,0.5205041429784479,0.8292846751759593,0.4589959219976016,0.512597719707077,0.7972665217123001,0.5137958424683443,0.7964949222401665,0.5119467433220802,0.7976846876391953,0.5194643084214652,0.7928096626355745,0.43787568915529035,0.8406278663825655
0.3761685244001621,0.7156387811950345,0.5490262014635111,0.5934743920391661,0.38620178363711943,0.710274458371704,0.4774740938660885,0.6524263280911243,0.5199672329116158,0.6190926429848339,0.6551664749156363,0.4737072028651545,0.654096730169239,0.47518321885523207,0.4783733333052994,0.6517672727915131,0.6144054041948714,0.5254975006561367,0.5955050408469209,0.5468229788748976
0.5141907047072048,0.9467642840647293,0.7733715469498156,0.7501007537366836,0.6588295414416162,0.8524660261334297,0.7095178550529025,0.8107645180624395,0.7286989072251863,0.7935695262525589,0.8148842157206919,0.7047825234475984,0.8353525042077615,0.6803975926630791,0.4976607838759649,0.955556609824793,0.826806134623219,0.6907577767476115,0.7632077668505062,0.7604397379194192
0.3514079994850628,0.7372293488918307,0.6161594619346141,0.536043106884151,0.5843961269573592,0.5705049182669721,0.5777667293389012,0.5772177244667694,0.5875826731192262,0.5672224406876293,0.5782673337648175,0.5767162089538455,0.5768727964175552,0.5781111240263037,0.2859780643716407,0.7649910075731716,0.563587635734047,0.5910699381776015,0.5492728601325375,0.6043955824552231
0.5263524826243139,0.7915138309554428,0.6592193310856745,0.6848145399168272,0.3889044271252981,0.8673490803136207,0.5881942746858179,0.746705146483781,0.5209404938260986,0.7950862107034433,0.7465892638413633,0.5883413564210419,0.7408848120721697,0.5955088377172295,0.5224845946315002,0.7940723700842997,0.7082953457873191,0.6339233263530868,0.681046774883657,0.6631111301879268
0.9702624900991249,0.8137668920252658,0.9151926370790282,0.8752418473120154,0.9035697998140917,0.8872358599119726,0.5472687344393726,1.141981955441916,0.8243666118207754,0.9612728767446578,1.1415835177079807,0.5480993763427279,1.1355150820987123,0.5605634242226025,0.7152860550933439,1.0449840733900286,0.9976126192225423,0.7799967411584191,0.8626321780776071,0.9270876871121193
0.3010362373423416,0.41293433408646124,0.2751690825834394,0.43060371160830946,0.2605651901003673,0.43959454292407135,0.19012609726657342,0.4743307365107655,0.254635434825976,0.4430557253796072,0.4745932620966288,0.18946982882016977,0.46595478549800845,0.20981829837306537,0.24778352998035216,0.4469238220671838,0.4540046523639874,0.23455778838597283,0.4233580613815304,0.28619142601401626
0.4661432335017161,0.7769695716707714,0.6388372847469315,0.6425403902159501,0.44483194394591963,0.7893641561959801,0.552777270631212,0.7179195766346013,0.5967147045189511,0.6818378039186139,0.7185042140117628,0.5520171409377035,0.7072664480814422,0.5663438892227567,0.577782654800592,0.6979530308360853,0.6676148694851217,0.612586006601572,0.657500897669359,0.6234290649349647
0.4274682343518569,0.78896333189094,0.6954895219761803,0.5669978441490687,0.5542655692440474,0.7056783326692976,0.6415618467315845,0.627368015814248,0.6646208289458352,0.6028858798974299,0.625310911862434,0.6435670081305588,0.6424328310155759,0.6264760873981225,0.5172795779713589,0.7332217049856886,0.5881758058578187,0.6776735584718154,0.5551422194569836,0.7049888982279946
0.532258279796822,0.6162974180888173,0.6324536392093415,0.5129559222838496,0.5282379959752741,0.6197467253348266,0.5545592749069029,0.5963098142492245,0.5350692201546562,0.6138585452678025,0.5933838049465312,0.557689020855164,0.6200047436422792,0.5279351303108047,0.39044456339900385,0.7146148801049247,0.6247043714758601,0.5223656116305563,0.545044700045551,0.6050187260800033
0.3055290542672552,0.9929751102959748,0.8534428343078478,0.5924380990764642,0.6742854666999417,0.7903712305404269,0.8386113511518514,0.6132524556722241,0.8659882005075586,0.5739442562221765,0.6059981283574192,0.8438683790118289,0.6210395578422077,0.8328609969640204,0.5873220723672894,0.8569716191210414,0.6215364634624975,0.8324902385345297,0.6032781511124733,0.845815018227427
0.24717561453261291,0.5881945745341616,0.38564401355451366,0.5082787982402613,0.26934658668429273,0.578377954431632,0.4052925559171499,0.4927540827320887,0.38810584303998047,0.506401517107941,0.49926374376187593,0.3972459642285546,0.48662217520788403,0.4126348270892142,0.36257876062477323,0.5249812227830645,0.4909493070278362,0.40747689487857547,0.4783604293284045,0.4221847244793951
0.3587975283339722,0.6252456519601457,0.4819565718161069,0.5360836264211966,0.3920668566612035,0.6049391469738412,0.4216394272807643,0.5847118820376275,0.4431574512742025,0.5685765252046449,0.587507730295509,0.4177349141221677,0.5548070502582536,0.46027918551393454,0.39212457995658495,0.604901732042079,0.5385287072697894,0.4792229367214853,0.536299296465238,0.48171657252426564
0.4859451971939345,0.8834095166656707,0.6984166608709597,0.7271652333749082,0.5733134789893791,0.8293773348846835,0.6277256276936878,0.7889966065503016,0.6550108993206756,0.7664958125015724,0.7892303970522085,0.6274316609640759,0.8066871554139563,0.6048230667736353,0.48121099250096716,0.8859972288374043,0.79608912638465,0.6187060785732191,0.7398005210877803,0.6850184653055527
0.6361930068842901,0.8715098708557882,0.6917683703812079,0.8280866613752905,0.4379053889433735,0.9861591490940496,0.6214780538784935,0.8820635042642607,0.46209387543167985,0.9750590993863287,0.8817559976981971,0.6219142686341939,0.8668947629021745,0.642467483270811,0.45164654703692625,0.9799420358149602,0.849631886577271,0.6651290508756136,0.8276656510970389,0.6922720325144313
0.24697860273484606,0.44546240094649475,0.3689524188404558,0.35115423035704607,0.393643380640523,0.3232337694978247,0.36996415611572697,0.35008813755317464,0.3989497524543885,0.31666113730998735,0.34395639680612233,0.3756716358231239,0.38320993621131433,0.3355373684923825,0.2117709121895642,0.4632367230868818,0.3832547570677483,0.3354861726670919,0.35600258309776006,0.3642764632715034
0.2475827936756437,0.4416026450667314,0.31122769346249496,0.39930872602058826,0.2769332734515825,0.4238137537994266,0.2923495678419697,0.4133302142800397,0.2792023969857731,0.42232233823416054,0.42027298311093886,0.28227779849149043,0.3824470790855356,0.33172935889533806,0.2553738420909553,0.4371433822327336,0.3876651312653255,0.3256161572391762,0.3831119268990027,0.3309613078924834
0.3636467482639168,0.4805405530635157,0.3954182694243933,0.4547555088912369,0.2886588123330684,0.5289936395874457,0.26660920874482913,0.5404421435028601,0.3440857398925346,0.49473546897722726,0.5459371069400041,0.2551682894238399,0.5250150563521253,0.29583335049497833,0.33237784264073983,0.5026759894633894,0.5231296722784531,0.29915468681494556,0.4826447519822469,0.3608493093321717
0.2955718400673154,0.6314813158802408,0.43647231213911913,0.543712502782997,0.3534836845608161,0.6009830693920825,0.4194430871502475,0.5569549906307412,0.42272212290605504,0.5544703524557621,0.5588284957952121,0.4169437338944907,0.5451474858767761,0.43467871306155476,0.33896330039975775,0.6092907728898598,0.5387975464943435,0.44252521830771946,0.5309692998870136,0.4518882245911191
0.27201084614253096,0.45599199433210347,0.3778593912211825,0.37301592429828256,0.41052837917606017,0.3367269653669301,0.4021524411577276,0.3466871981845093,0.408439801089196,0.3392573185656616,0.35394033381248935,0.3957838291477412,0.37029468945562655,0.3805265329449523,0.2260250758630645,0.48044902372181036,0.3882467645045931,0.3621920059386455,0.3523832213930498,0.39717082545776394
0.3386997755454539,0.5628239600331647,0.5108174294812206,0.4129817207578956,0.3401827151937077,0.5619288818217043,0.4512441648595686,0.47735422028316116,0.5114472368326348,0.41220149426975267,0.48137381626085324,0.4469536854758181,0.4864069033184705,0.44147103228421497,0.5125632767287971,0.410812895721389,0.4003967867974424,0.5207405890308894,0.3963947405612172,0.5237934302731941
0.5539864155092228,0.6929167413389483,0.5721984800639996,0.6779553513388568,0.46231923841442807,0.757162783546872,0.43695905176934324,0.7720759976021666,0.46117201407193054,0.7578620800867288,0.7714129129557512,0.4381286075134411,0.7730950032496244,0.43515362223817866,0.419169350343493,0.7818769818386767,0.718716390723042,0.5200781755684313,0.673897044744302,0.5769725574769051
0.4184600476672759,0.872408299327495,0.7567213789831582,0.6029741344527296,0.6678962940295025,0.7000854181104241,0.68788617534184,0.6804540116736518,0.738159937122183,0.625559716939131,0.6766127695142831,0.6916648121448731,0.6827232847232153,0.6856339903519475,0.4684762383607072,0.8466020708222918,0.6491169533824629,0.717532043229193,0.6086682225175992,0.7521489527523503
