0.311967299827083,0.42034286271039,0.360265913965441,0.379763333706155,0.341764096676571,0.396495927615675,0.338065223653195,0.399654379369578,0.351155351843927,0.388203087654304,0.401604133955081,0.335746687225886,0.399639696101986,0.338082581172824,0.330662258818036,0.405800676424179,0.364951510770336,0.37526272553961,0.365191724739805,0.375028962314291
0.324660143433242,0.22349594279123,0.289296376998842,0.267698060197637,0.298614882605727,0.257262117430067,0.288354485730693,0.268712366178451,0.245010487058771,0.308746670280763,0.308713479171037,0.245052306572185,0.244751765887601,0.308951805745063,0.271295649856952,0.285925367092408,0.321569872922558,0.227919858737241,0.28742624202423,0.2697050251183
0.269818048145641,0.341742704951863,0.303823537745848,0.311899203917768,0.313066158882738,0.302620943847825,0.271615707230557,0.340315681505546,0.271543043426159,0.340373663875158,0.371778716038632,0.226650483770951,0.347654689893604,0.262156579333653,0.282741917640359,0.331129677772912,0.324983942863027,0.28978490708479,0.301667152594624,0.31398532535517
0.332064811596955,0.32747167269746,0.321027244493017,0.338299044949013,0.339067121900734,0.320215899614849,0.310621687295605,0.347877712568405,0.26228472900859,0.385631244129784,0.394589223989802,0.248604263501895,0.341512764938568,0.317606308035921,0.338514766366702,0.320799763827673,0.359764927515976,0.296772526440064,0.322032034174207,0.337342710734672
0.446985612213086,0.496043350315708,0.411182198344278,0.526102977260826,0.43890096558178,0.503210776245224,0.375781173320418,0.551945334880067,0.376017764859983,0.551784181929531,0.563738935570415,0.357845714575255,0.543311206584476,0.388159858457388,0.432436261774122,0.508776986921345,0.504451760970708,0.437474072113412,0.534503952943066,0.400200783615145
0.284253705540648,0.3064395672239,0.275774219952492,0.314092274791271,0.271127735031408,0.318111818030547,0.252714569878533,0.332927505089425,0.232229251824597,0.347526908412786,0.370798798675014,0.192908341901348,0.326180704091598,0.261364737009931,0.268777315304503,0.320100190958495,0.366209943668823,0.201483633658019,0.313464929191378,0.276487098507336
0.216611264606095,0.366986597295878,0.219803347423825,0.365083676724035,0.212383037731489,0.369449655342921,0.251589449726323,0.343951088580141,0.210625582412561,0.370454405537885,0.349779157831238,0.243421739571322,0.339258096165563,0.257882815897408,0.227535535394916,0.36031539334534,0.336718576550141,0.261189974453663,0.320423964417804,0.280941427304405
0.302864549315766,0.351692146505836,0.228969136176946,0.403717024442253,0.291009971319734,0.361562577901269,0.311833042550162,0.343765115624074,0.164564318402517,0.433973370444362,0.369163574732637,0.281305094580146,0.327652423334326,0.328722056803719,0.276132457926497,0.373048477849187,0.373222038795417,0.275897826927862,0.379148481516612,0.267695218690531
0.440977578240418,0.462797982843688,0.430811142135296,0.472276356857986,0.440719206628408,0.463044034994293,0.40045339409267,0.498277308930108,0.3915931388069,0.505270235690101,0.531427609273687,0.355285650620207,0.492680702972175,0.40731918976868,0.461690184952823,0.442137275688443,0.457569830423849,0.446400098253641,0.478131708073179,0.424303272636442
0.223624658271548,0.408950273502644,0.251899595754796,0.392166938488604,0.206049443687949,0.418081260930026,0.259018444240083,0.387501947773687,0.216277799852451,0.412882825116203,0.404347580240327,0.231843370271282,0.379815566833928,0.270163745116876,0.243058117323894,0.397707261170724,0.402758700399091,0.234592717785078,0.378271892836132,0.272320930292044
0.326467887887297,0.406490193427134,0.311689887913282,0.417929387512565,0.353342950135671,0.383359255481646,0.297284356494841,0.428296124845264,0.288002915073803,0.434591624497083,0.453636627967313,0.256961804438844,0.430783631114011,0.293668218127616,0.339650449404735,0.395541567212832,0.391229780290304,0.344608209693301,0.401957023672119,0.332033296966845
0.366902939086242,0.372919334328588,0.36164101379453,0.378024303144472,0.37347096817549,0.366341415289428,0.332159528119092,0.404174027500409,0.29797095321434,0.429999892635727,0.445635665251432,0.274035491281901,0.390095687544623,0.348585643974745,0.358952310626581,0.38057829066046,0.409140524677701,0.326022434339502,0.365411367717444,0.374380994401514
0.388967022516247,0.506219707475594,0.413075246987043,0.48674693339396,0.364970401524939,0.523784634036314,0.313327248372317,0.556219176466672,0.410756166807267,0.488705543524555,0.530075198844674,0.355772427840621,0.571577382980597,0.284346675920226,0.36491605329107,0.523822499413971,0.463224590772658,0.439291150998212,0.457147508367222,0.445611818105704
0.291559814665885,0.259124486036315,0.251283482600039,0.298344157247943,0.263952507334987,0.287196272021701,0.257446843476924,0.29304222831421,0.212818622846725,0.326895791592999,0.318634011136611,0.224999981641296,0.284486132186914,0.266871252451289,0.243564426157509,0.304678511060681,0.315422716965148,0.229480139475978,0.286385265381181,0.264832219648857
0.349958343061288,0.394629637192279,0.344775678491479,0.39916553452102,0.336034984016038,0.406551204580743,0.303679296971421,0.43125662547914,0.29026701089107,0.44039579336896,0.458067620998352,0.261490816323676,0.433632875419662,0.300276408970116,0.332551239470855,0.409405746851593,0.404203977787714,0.338854742875618,0.3811990394275,0.364541746262707
0.344702714858769,0.265573193494518,0.239384439872468,0.36337882805803,0.307472199199892,0.30791221062677,0.316458860050463,0.298668499560038,0.218581895739531,0.376259269106816,0.33741909092035,0.274767974510071,0.299412497085694,0.315755030558172,0.292561478521794,0.322113123015851,0.365709652259724,0.235808254685781,0.348390859207167,0.260716113722904
0.413420183139734,0.411515682718242,0.367176362640813,0.453258120355515,0.391909290418758,0.432051516643348,0.378544638945248,0.443807797673907,0.285599583515626,0.508619978811345,0.488376842500112,0.318981919017321,0.442609992784945,0.379944468623065,0.403365260781728,0.421376163712235,0.457487332525879,0.361893279198036,0.456581254899531,0.363035759429731
0.325469099349227,0.276655014518426,0.321309960100346,0.281474761265911,0.266989721463937,0.333443578918529,0.304321329144267,0.299761005331338,0.254932166751921,0.342750232741801,0.327173143986704,0.274637698692739,0.298742686565773,0.305321042368279,0.28117145976279,0.321575406249063,0.303766852155621,0.300322878284111,0.269264025746193,0.331609734670654
0.361147092099992,0.350771042257873,0.354279698011741,0.357705803413454,0.346287933511904,0.365447962537774,0.305995123142287,0.399793110035793,0.309829993277799,0.396828579470322,0.423867930990322,0.271668038784356,0.38696101208784,0.322069435592558,0.340719509143286,0.370645062435901,0.412543577234484,0.288574675086935,0.349280500352968,0.362588855719719
0.387751539031177,0.420229124575415,0.439830040800637,0.36536736084628,0.392985747266289,0.415338386870299,0.408945177983312,0.399634351084418,0.408252643622957,0.400341794142622,0.417311956865111,0.390889375424656,0.378577334603018,0.428512514271568,0.423237671661662,0.384465403448582,0.381207096485872,0.426174756116874,0.365026425655526,0.440113032908158
0.336034524865088,0.263822541933999,0.259661744243274,0.339259950643106,0.311566918429858,0.292314198892124,0.318725461183955,0.284491855642472,0.228624911321039,0.360904676413688,0.328150720000229,0.273566519327848,0.284787533529761,0.318461294790839,0.280409197882049,0.322323156594384,0.36211747367922,0.226699075406147,0.327587140154262,0.274241136847435
0.336654112526522,0.336082305933234,0.294542283354839,0.373540026179977,0.333060159924205,0.339644281143792,0.334878748333212,0.337851345649534,0.23836356518813,0.411667485518621,0.378396647531267,0.288276403785531,0.319489318778802,0.352439899881777,0.318566870308508,0.353273912119566,0.39604044837046,0.263513322427814,0.378148546185895,0.288601775566115
0.353222160916647,0.42104159931174,0.332864411106874,0.437313625596193,0.342790447764791,0.429577271552892,0.3205631694582,0.446409204318781,0.348137590253034,0.425255383935846,0.425920523645976,0.347323524758619,0.452932398594408,0.311278276815344,0.339681815959634,0.432039566729691,0.432832782250697,0.338670497567672,0.415280593142399,0.359977710800142
0.30199233877937,0.342529014325342,0.307109286173114,0.337948790029442,0.337789710401166,0.307284249324985,0.285244857937137,0.356596227344803,0.293755286198209,0.349618835543413,0.368274159406709,0.269999336757344,0.359463995864642,0.2816223251327,0.303793109274522,0.340932904093228,0.319110842619206,0.326640120712358,0.320676575279841,0.325103110417166
0.393292957528253,0.368107297204018,0.381602380905215,0.38021303973383,0.394311317475466,0.367016236162558,0.370452829875101,0.391084432742722,0.295347414965915,0.450502205509717,0.448165406436401,0.298881416568283,0.386781686850455,0.374943008220295,0.399989355807302,0.36081968895423,0.414039861992229,0.344606043733455,0.39068047948536,0.370878815309336
0.333008286421884,0.399715862410387,0.328965824397522,0.403049346689185,0.334801706535237,0.398214900260164,0.303082420752526,0.422857346771826,0.268385462696411,0.445686585956267,0.453392260860333,0.255152400106436,0.418060300666602,0.309665746401939,0.317965332257137,0.411783118851086,0.400730507519196,0.331786602851181,0.378372985774758,0.357073064125557
0.355196223443061,0.34135591128344,0.316452289718401,0.377552862058206,0.364970409100241,0.330884898110451,0.343213551724596,0.3534015750233,0.241425974410401,0.429420207019127,0.407013969450383,0.277538905360319,0.348191564026493,0.348497991467879,0.349633912177725,0.347050922447499,0.382889346248673,0.309974134155779,0.375648060389208,0.318711076120971
0.341936491293435,0.33248572233639,0.324750524144008,0.349291306367349,0.357218794648707,0.316009576413978,0.339091357976926,0.335386896853442,0.215553955850171,0.425445427467448,0.410606258151596,0.242631037590745,0.334787369131128,0.339683289412173,0.314269596687431,0.358750526457504,0.421273296765885,0.223598141914505,0.353815573499244,0.319815352328524
0.383542194210375,0.360850845602199,0.370734825711429,0.373996840249015,0.362514819908315,0.381969832393048,0.297948852218326,0.434217029805734,0.326187321156083,0.413424453834735,0.452279263252893,0.269743240031981,0.432355388187407,0.300643918642715,0.370732808164251,0.373998840188282,0.3783487729259,0.366292442642483,0.373935369812866,0.3707968267319
0.387908210116082,0.426013589987982,0.367317973466255,0.443889473516273,0.393129954097244,0.42119971215732,0.357074551732048,0.452170457720612,0.321534709409234,0.478096003931251,0.465959204638875,0.338884018422554,0.46560380558128,0.339372147587483,0.350025524401749,0.457648872605616,0.454190208355213,0.354501922370188,0.449871254548223,0.35996696051321
0.266407073298879,0.302934432122102,0.312482185128326,0.255140907825934,0.317664836837181,0.248658501374922,0.311531526146255,0.256300813665896,0.276280552736703,0.293957573551553,0.30168502998405,0.267821099901292,0.237360473733289,0.326193200998923,0.266029900787177,0.303265709825525,0.303071199772303,0.266251472742202,0.245522538813335,0.320094801275293
0.438762373761719,0.46595975451326,0.447494106781293,0.457580526083759,0.41949734317771,0.483376553550044,0.428500271358584,0.475413957410482,0.395948699673047,0.5028474328087,0.502076633056399,0.396925645422196,0.460010043591178,0.444996262063311,0.459870483990622,0.445140485026141,0.460227755417212,0.444771094607902,0.466232613667866,0.438472420349909
0.35858534480353,0.465347183172989,0.351597192428102,0.470649407384709,0.354323570482744,0.468600317749851,0.30455968098141,0.50236923782752,0.358543300798263,0.465379578245101,0.482953689930834,0.334495416675764,0.501621317143489,0.305789968086157,0.342616821274749,0.477226533393197,0.480998739340118,0.337300553139361,0.478466279171389,0.340883367283868
0.347317653322176,0.431398279853741,0.321296630811333,0.451112517227438,0.339041717901659,0.437932348305399,0.285134023096634,0.474797448437455,0.377883728856819,0.404892474164754,0.43563429580141,0.341989456696547,0.473493506476801,0.287294148033498,0.338680462495064,0.43821178954259,0.453814603123549,0.317468634926044,0.436247297520928,0.341207156395754
0.263336217640276,0.440947111282998,0.391825002605086,0.332044403361105,0.350388389205876,0.375510712469857,0.397423966296059,0.325322162607186,0.371120351354833,0.355035214141038,0.342785121023423,0.382463958138365,0.351789440982153,0.374198487013739,0.311680505844516,0.408210216367026,0.303703547040524,0.414179277589925,0.29485261543665,0.42052616284849
0.366171316726797,0.345651121033759,0.358489213140083,0.353612237807934,0.36441693680329,0.347500254440537,0.353602984880219,0.358498339953102,0.261757140351024,0.43016198128215,0.425494702446051,0.269277531286361,0.351524815458555,0.360536315483141,0.370666896145398,0.340825736656237,0.398665614474269,0.307606661990901,0.350280237001013,0.361745609830783
0.335549869675327,0.474935766031784,0.339747580159065,0.471942028930869,0.310234248703024,0.491845918786561,0.309279916093805,0.492446576185006,0.292773407140798,0.502435497319302,0.518883250486727,0.262522130990235,0.48288213051602,0.324010100033371,0.357589576070066,0.458571032645278,0.491103002808008,0.311408955440084,0.473319140171631,0.337826417620816
0.353814777653397,0.337445789241709,0.363388277865635,0.327113920634281,0.38064163360268,0.306865612819628,0.323773050068066,0.366368079412637,0.291937114289713,0.392208208561572,0.424107659562648,0.243284300075398,0.368695981399295,0.321119651941287,0.356457619748393,0.334652839351757,0.377330486101131,0.310928065348831,0.339917276341158,0.351441037455349
0.43331409362898,0.409878640045007,0.407850385996236,0.435223696442842,0.425539785378986,0.4179443675446,0.386944145353352,0.45391170031121,0.331102146321408,0.496117901313797,0.49876404588446,0.327102476046291,0.437663367197626,0.405231267692765,0.42600762724169,0.417467489554043,0.458158193210086,0.38190662903008,0.443176990873746,0.399193885302294
0.350213573302831,0.32212727414166,0.311843424019459,0.359401177748896,0.329665684816917,0.343126891871894,0.34370760629744,0.329060190610711,0.260371660680684,0.398273933349719,0.356294368235789,0.315388412651659,0.328928550110237,0.343833588518996,0.260523610688987,0.398174554617754,0.376983109926302,0.290343352776962,0.350217435537284,0.322123075108198
0.329973497320509,0.328831210271085,0.300122770679792,0.356284712416573,0.324858480706413,0.333885371490571,0.329608787789669,0.329196781263274,0.229547204106686,0.405364718332859,0.372338346080641,0.279958264425624,0.314483768627031,0.343674894416824,0.34727028546473,0.310508973486307,0.327639890252229,0.331156422401532,0.337143270197448,0.321476109754435
0.305309999949047,0.409885755118265,0.269628789424143,0.434189871175536,0.28334979160514,0.425362696901222,0.287028559779529,0.422889032949126,0.193452178800312,0.473071646619378,0.459627525679764,0.223524195458244,0.408807946412061,0.306751676879053,0.306075610662683,0.409314364364632,0.428318196077326,0.27886206487585,0.408584534593241,0.307049192164679
0.287757800197158,0.405048672930126,0.29129336357128,0.402513546798234,0.270767677079977,0.41659794054397,0.264071166719126,0.42087456317098,0.261991134310593,0.422172505688626,0.424254342956259,0.258606325327739,0.409911763146629,0.280786975215707,0.282820036433135,0.408511696293661,0.395747253889561,0.300421520626661,0.388262482156944,0.310034230313513
0.393067825207139,0.463887272060726,0.454766949621347,0.40358485839425,0.411021909501266,0.448056588282044,0.413616973131518,0.445662109597095,0.436847576351461,0.422915962608254,0.452913117893379,0.405664176423196,0.449059094269706,0.409926391254189,0.41849044776562,0.441088949671087,0.437997743536578,0.421724664976899,0.382388832689244,0.472728777448094
0.313772520320693,0.301993349154898,0.296125978756777,0.319315803159713,0.31638712943255,0.299253006286692,0.30298304325323,0.312816963963278,0.215701366124464,0.378320100039942,0.374080126748458,0.222973622238258,0.307319422062927,0.308557855620466,0.298081103454134,0.317491469500769,0.379123909493879,0.214285414091274,0.323212670455582,0.291867687658575
0.316413654852042,0.287798175099612,0.258932844919294,0.340439675110724,0.264081340466402,0.336461641476354,0.271372665265487,0.330608933808813,0.300577764290892,0.304299849131384,0.340877188184667,0.258356600733965,0.331408724108127,0.270395355271716,0.272733749282118,0.329487014266136,0.351301483783142,0.243993151664667,0.319632266108723,0.284219290389827
0.34028168692843,0.444026379261756,0.354513103541399,0.432748785505642,0.360594752354664,0.427694372786738,0.37503713201279,0.415088185270051,0.326430421813927,0.454306319187335,0.433138915890904,0.35403634203287,0.408974255323242,0.381695048988014,0.342634919323837,0.442213030110048,0.411822105416467,0.378620661651621,0.406156024704347,0.384692520768893
0.38613570072046,0.34838754754337,0.421402702795072,0.304785867013502,0.324163779494645,0.406684775616092,0.433586382019942,0.287188983042563,0.326075859829154,0.40515329974078,0.334619426036395,0.398126239242326,0.284174582272014,0.435567984871123,0.390339013159727,0.343671525529327,0.305502314971235,0.420883592221627,0.282800969415421,0.436461079996673
0.294579174673763,0.568686054712008,0.339465768191665,0.543087204048693,0.286612805715586,0.57274236666692,0.35957760419191,0.529985533329911,0.528897966074676,0.361175387391577,0.331014075211833,0.548279491671027,0.56055070426015,0.309779965344491,0.358095070047302,0.530988361250228,0.53700316216484,0.349010490960297,0.505541340872803,0.393203092108789
0.295244924820593,0.333225663524539,0.261690763325567,0.360176141427731,0.293626499756493,0.334652636482125,0.322638916527059,0.306778483609807,0.177729236018484,0.408192634828181,0.355214348060182,0.268387174425059,0.320406290925674,0.309109555334252,0.253989573913029,0.365647651171404,0.351425835901024,0.273329087959832,0.303815758722383,0.32543032006196
0.376656975538712,0.381825938574692,0.357782403887458,0.399566360019116,0.333397619026558,0.420128018844062,0.295406719312601,0.447656558954943,0.304110753940901,0.44178973950049,0.465912693821638,0.265681926984652,0.443657775641597,0.301379001762174,0.352189601381676,0.404504646782989,0.390956359254782,0.367171145038195,0.388409783369199,0.369863981449269
0.449386830181522,0.564476745994503,0.435576396663089,0.575200593340391,0.453968534508593,0.560798617674169,0.352778198618874,0.629388641848866,0.46813917648878,0.549024800300993,0.590084045476687,0.415190726272885,0.627343882676649,0.356401701423162,0.433755475533099,0.576574979819792,0.546912260062744,0.470605460765384,0.581652051663752,0.426923190637949
0.384142190339413,0.532214838798077,0.517894964162364,0.403240205251025,0.436097924465976,0.490547099993561,0.49969408215104,0.425586279500238,0.471658472942342,0.456460449477633,0.458904069861399,0.469281271414351,0.442366908183376,0.484901408102622,0.43142778024433,0.494659405519672,0.449960233210935,0.477863626534167,0.364820395436974,0.545640849010441
0.410249302026302,0.413363351505152,0.388137031111641,0.434192808853948,0.390958804299128,0.43165375420774,0.347708684068334,0.467196341171576,0.323779527509199,0.4840873554913,0.491181393806421,0.312913068693241,0.445215054044625,0.375442812999106,0.401203860802289,0.422148329687538,0.42431117558836,0.398915751069651,0.44165860332721,0.379620110489023
0.282607572537318,0.394502031991819,0.246177631149466,0.418205054037786,0.290380345078328,0.388816342883502,0.267474573600543,0.404915109348018,0.242092264411176,0.420583200821644,0.40724550162994,0.26391285437297,0.400199067021741,0.274480600509468,0.269292040864508,0.403708669746066,0.405586663901107,0.266455158266228,0.409737935074498,0.260026379165647
0.351945303397301,0.314930451974968,0.313433539475731,0.353279071693033,0.362004622749764,0.303313928582874,0.328543577810285,0.339272462254444,0.25412423143211,0.398079842699445,0.384788337800912,0.273833199698259,0.325704268306397,0.341999145863802,0.349091446132687,0.318090943601927,0.34929910464064,0.317862897586086,0.353749282932594,0.312902750050637
0.394937497147394,0.403605375827624,0.393855233500654,0.404661563648132,0.407281068957608,0.391145825644036,0.363758567948469,0.431917388274754,0.325728307867585,0.461274316978223,0.473212952148902,0.308127291826815,0.42827971206465,0.368034528657063,0.380868145985465,0.416908121081373,0.427136267449601,0.369360982074757,0.415215836319859,0.382712340171056
0.294768390723934,0.387183683560049,0.272285879300542,0.403311305220467,0.287599332397321,0.392538193033138,0.2785940100817,0.39897993249248,0.252024361532326,0.416273143716153,0.41766080324498,0.249717965749091,0.393108146776524,0.286819793464525,0.309323339495598,0.375657664141698,0.367430658457602,0.319052221760826,0.378502145765726,0.305836123824258
0.370039334989844,0.519381038999895,0.355834707186508,0.529213977776313,0.356804060253481,0.528560910112511,0.336001507999092,0.542022840602379,0.344167746306385,0.536874599431487,0.538500994985354,0.341617405165661,0.546671645671202,0.328383746448383,0.363783757480472,0.52378158702433,0.529821560315005,0.354929411767621,0.53634143061379,0.344998033211044
0.277403213707721,0.408985989406185,0.2921338345917,0.398597422461156,0.196520203565793,0.453433448365234,0.317422428774497,0.378767850030632,0.384297447863438,0.310704930877474,0.185159868439199,0.458189813969611,0.398933776780463,0.291674346231552,0.184934140890145,0.458280968445289,0.376589206384335,0.320004143943081,0.381019952269191,0.314715551695036
0.309307920832895,0.335619232790853,0.259936150846586,0.375159775018792,0.288581352748935,0.353599296032506,0.33105162235931,0.314191792767344,0.219072158437863,0.400398612268406,0.339292476253541,0.305274097929762,0.321056983947289,0.324398015357307,0.308509534725595,0.336353276024608,0.311999530441266,0.33311852592361,0.326845649022412,0.31856487726083
0.301429782073022,0.472895521410601,0.319063656478517,0.461181602847894,0.329765998718063,0.453590645604902,0.287659111256348,0.481396222878827,0.408879053901944,0.383807252369004,0.403606106719031,0.389348427902181,0.491398270689714,0.270218110521763,0.278667735755771,0.48665632713399,0.454295734321435,0.328793968113988,0.458005393782796,0.323606469275043
0.287914114903003,0.294027802756122,0.269232034414934,0.311224995780815,0.290699588327968,0.291274158997881,0.257464465721787,0.321027935302471,0.257429392326514,0.321056061024199,0.32684963801973,0.250032398861316,0.31541426856795,0.264311796062374,0.29580393719867,0.286089002046108,0.316582829741022,0.26291100826542,0.316010071495666,0.263599167425235
0.413462840604324,0.372069237375748,0.363409057493015,0.421094876356868,0.412519050186428,0.373115359098569,0.393411991735725,0.393209921950727,0.295415042333389,0.471292892716545,0.424300369776011,0.359661276995324,0.380976327737094,0.405270373535897,0.385933998940144,0.400552102009259,0.414886289497747,0.370481314979256,0.428400455722832,0.354767652835539
0.47924757743357,0.448368042737977,0.456047585589831,0.471945698044082,0.460648638320934,0.467455852715205,0.380839279795566,0.534484410614028,0.412244550828627,0.510653084330971,0.566739785078,0.330935278014255,0.53959342658742,0.373565357344973,0.488669822175566,0.438079841033037,0.479686604270465,0.447898318715421,0.481213649858633,0.446257286119077
0.328218433495204,0.295055236812861,0.306724261239655,0.317340763885964,0.320307607701029,0.303624717876498,0.310631597840573,0.313517054208781,0.241004971663706,0.369731708797224,0.358760314341662,0.257052464898143,0.302915341860075,0.32097854838374,0.331626982105507,0.291218951300105,0.320383848407839,0.303544267836048,0.301996034933716,0.321843638652456
0.381351761586331,0.426761777766826,0.360802368997653,0.44427067374899,0.375216392935305,0.432165986052024,0.320585412027485,0.474109454264379,0.361877482754947,0.443395386199093,0.466870831213643,0.331038378423985,0.469253578390571,0.32765204134164,0.368826541513248,0.437631995291793,0.441477604152636,0.364214642840384,0.432686552382567,0.374615974585959
0.250716916545864,0.283301827519239,0.220058977910447,0.307722186328864,0.243010363439248,0.289939409151518,0.254271208575652,0.28011613699943,0.133538435201905,0.35395816707887,0.324560258098532,0.194369587592867,0.278181289649269,0.256386559333901,0.232946366037258,0.2980853707716,0.327115971545084,0.190036940824994,0.298231743907148,0.23275894106158
0.444194912165289,0.408982612872436,0.407320578562449,0.445719467720499,0.422030717580833,0.43181705737928,0.369497247769201,0.477543381816227,0.352565529664828,0.490176952658581,0.508753798331919,0.325185286119065,0.479869098312088,0.366471753496278,0.439555594941938,0.413964704510822,0.443121884076582,0.410144966417868,0.450607538575922,0.401906386866447
0.287342358818362,0.341806732733466,0.287430095679087,0.341732956870037,0.312626259362814,0.318845253485201,0.285875367831797,0.343034616008738,0.248227982064792,0.371187745801594,0.384082153894279,0.227768243557258,0.341329546264135,0.287909038691646,0.311987145422921,0.319470647797391,0.334391311421116,0.295939055481519,0.328532553617569,0.302429884314938
0.431693419867713,0.446324818813271,0.374248156991685,0.495482966038297,0.398073589091512,0.476552694162548,0.343591209711312,0.517213817733922,0.319370799045682,0.532510418079031,0.543600937225862,0.300105104410014,0.501574405605619,0.366043943109501,0.400819627126052,0.474245378634641,0.495951991814003,0.373626383519024,0.48486043120407,0.387911607068394
0.385417558866592,0.314105335982267,0.320576915913754,0.380051704059384,0.364627859186776,0.338016835498003,0.384266491711604,0.315512472214445,0.257981491955814,0.425034594572568,0.358426659676464,0.344585528437263,0.321152436108412,0.379565501009836,0.369590646355077,0.332583239057611,0.358292456970414,0.344725067341091,0.377417624308074,0.323673900147764
0.37067220990019,0.418768910146266,0.372058524297835,0.417537713020871,0.387769812374121,0.402988659776825,0.317428241046997,0.460439571586969,0.36197044105055,0.426312898119506,0.479159702254093,0.288394290916361,0.466566913019557,0.308351427713224,0.389973613322198,0.400856418446569,0.376918254153297,0.413156044350573,0.392623042120776,0.398261765793817
0.382441454501784,0.273623607944986,0.343070374478166,0.321611665058471,0.376671137010603,0.281514119520515,0.311329842577138,0.352427402548619,0.278759753238133,0.378714067498009,0.400106277198822,0.247075518601846,0.332477463442777,0.33255087016715,0.350504399063778,0.313493239453758,0.370550540374372,0.289523128565806,0.329171641467915,0.335823428902139
0.318588441711245,0.308755107529488,0.298230722912546,0.328461181159365,0.324123999406789,0.302938846347068,0.302340493574603,0.324682210111073,0.246654468785279,0.368768063484078,0.36592352183459,0.250855113134484,0.321856662817021,0.305346688565368,0.316171272441651,0.31122987983189,0.334674048440958,0.291241468403255,0.313373786963975,0.31404646353908
0.356708874989441,0.347363895886542,0.285200652421643,0.408121900318983,0.368272924831859,0.335079021273336,0.37230627821739,0.330591791884833,0.188953498617018,0.460651140259196,0.40072935520193,0.295497684493728,0.324611661355197,0.377531676782132,0.337492276146708,0.366062646555235,0.399330871188924,0.297384856670955,0.376628069349268,0.325659630657459
0.364287009358713,0.497976677707187,0.414671470385932,0.456873470860118,0.383978114524298,0.482956110111641,0.443550925483679,0.428892029805142,0.389196760414523,0.478760564803162,0.446573275655035,0.425744179289082,0.427056570693627,0.445318405363176,0.391556488310267,0.476832584027072,0.416437655235307,0.455264182678499,0.41046389573949,0.460657342307885
0.362394331555594,0.335555807632372,0.284069181061363,0.404019865787026,0.351669090830671,0.346779760271226,0.347429207465964,0.351027488067546,0.235564366739824,0.434093055348626,0.387625561869273,0.306061718228481,0.347615617425792,0.350842890908631,0.333556845157722,0.364235065071812,0.39695039982821,0.29386686042435,0.398372973219953,0.291935482234233
0.36904605192831,0.369319837311122,0.342240870331107,0.39428836826667,0.341470583357135,0.394955657482109,0.338540348796196,0.397470203804431,0.277397383849597,0.442315297167966,0.423317670897379,0.305604777746365,0.384560061042044,0.353136928296554,0.360640253541621,0.377532433309804,0.375335949319517,0.362925689120795,0.386741068148799,0.350747026904737
0.341280408826237,0.312911095144526,0.298008086423171,0.354368242566331,0.307834641844978,0.345866309711316,0.325216359552254,0.329575469949949,0.245418141096998,0.392626548941414,0.377755789767229,0.267742850904533,0.341426541797898,0.312751638635322,0.319860035843694,0.334776385641551,0.37508270638282,0.271474923861651,0.343735917127325,0.310211686094813
0.320412250829766,0.449658182157946,0.284595224457815,0.473140623366026,0.336003768963372,0.438130070305377,0.301489568058152,0.462558679105143,0.271645034207497,0.480692694612466,0.474488920767343,0.282341557926613,0.458190996432373,0.308086841737349,0.338788132402813,0.435980610356011,0.4398897923739,0.333696661398691,0.467420503679323,0.293895498440438
0.358113153565059,0.405103384686878,0.371139996931499,0.39320336432788,0.336988259139816,0.422838853752812,0.31954509566102,0.436170511245391,0.341669971700067,0.419064927522636,0.461266975855388,0.282110900225959,0.432540013488858,0.324442475289742,0.369071198190171,0.395145838529963,0.386091357031367,0.378533019783947,0.361261801168367,0.402298016472444
0.370797269839726,0.445681488401514,0.350663132297368,0.461690342190285,0.373936438814868,0.443050949836289,0.345148633668349,0.465827248130952,0.317728711274086,0.484944399345422,0.494541518413697,0.302574438757569,0.454928568670161,0.359391989103961,0.365364951262952,0.450145595127848,0.440482439134432,0.376958651895091,0.431787370292024,0.386887931164416
0.43269461597263,0.394896235992865,0.368586205964582,0.455315139947782,0.425745169029134,0.402378825165277,0.405529441146549,0.42274524273657,0.297170953460627,0.504833727391838,0.47041659195789,0.349107287096328,0.407911037358643,0.420447682231725,0.431257779125957,0.396464873395338,0.440953062494493,0.385652777209969,0.460656705297692,0.361888197869603
0.40061260702757,0.419144241140138,0.339680086387658,0.469882745695181,0.401307019573653,0.418479428205594,0.358788294132681,0.455459455696915,0.310932142108266,0.48938079119877,0.473796185888439,0.334199835469644,0.445061605636061,0.371608023297426,0.378871476603507,0.438894930486383,0.461634709830824,0.3508072839463,0.478825291566486,0.326953660243525
0.379733307364838,0.435100402874679,0.374002524493879,0.440036199620159,0.350638372854047,0.45887087158177,0.318966897532866,0.481424826512099,0.299637001512139,0.493687565803273,0.511251662359774,0.268573049724491,0.463586049689137,0.344380196639655,0.364312882824198,0.448091362014789,0.466895397218487,0.339880027892398,0.434130721391357,0.380841518283087
0.276633489832176,0.240973964521782,0.244285802013026,0.273713328518956,0.257295679903665,0.261521456819481,0.267450469651095,0.251127030718483,0.205841715455452,0.303683597601896,0.295947804415455,0.216816596080062,0.248563589899585,0.269834543841785,0.245304841414607,0.272800428981751,0.31455669526629,0.188808433967405,0.265732073051102,0.252944667123142
0.367102856976311,0.460601630345377,0.425055322693665,0.407733175160881,0.379207473425675,0.450688430709183,0.390419146692876,0.441011631788319,0.402817687026498,0.429716511779117,0.444639309603585,0.386282608762338,0.437455067931025,0.39440009256902,0.399319467931391,0.43296920445683,0.393279383506299,0.438462878686321,0.409309737896882,0.42353737490306
0.320188505894448,0.416105244849254,0.338184513472915,0.401616096471573,0.332465887896825,0.406362753562568,0.330274281678733,0.408145994663152,0.311430009965853,0.422700370227712,0.430306994903012,0.30083241885727,0.400077219209875,0.34000363640301,0.331029214845616,0.407533940938263,0.378907935615217,0.363446048851533,0.368348046862109,0.374144317704874
0.359796118305059,0.416722166773681,0.324759973680523,0.444568971615166,0.348912350313055,0.425876487760196,0.333567011601062,0.437999611643066,0.292387567984523,0.4664977182324,0.455195809172858,0.309689176981384,0.438163099227407,0.333352230386079,0.351506195375563,0.423738133333002,0.407809785087973,0.369867260262978,0.414827234432273,0.361979248854422
0.392271935363253,0.346630345725018,0.385652378288366,0.35398038218467,0.342349526820748,0.396013471155576,0.423248733981575,0.308042816884394,0.283198444934176,0.440259592329278,0.334118560362382,0.402982202426419,0.290337357314018,0.435584764195202,0.341209263978559,0.396996355180105,0.313776883340254,0.419015435673144,0.345130563021442,0.393592126851618
0.332054945758472,0.397499817315522,0.296931157812608,0.424380111796723,0.297737681273425,0.423814658687568,0.322124339865153,0.405589079531211,0.239311715478365,0.459343547471103,0.428224700670722,0.291359224161525,0.386670958663966,0.344604355013724,0.32175913629864,0.405878861209707,0.412759135238635,0.312884144765423,0.381975530486028,0.349801780839453
0.349893436288871,0.342836289709068,0.31367090149235,0.376261483354981,0.340062184086646,0.3525902001669,0.282190755235624,0.40041293180798,0.294036981627186,0.391796365137667,0.406280964889077,0.273674836015873,0.389194149810851,0.297472775313176,0.331634426095888,0.360528425685916,0.372424012069257,0.318217682622685,0.366817022958797,0.324665073525255
0.225078869733593,0.490295584344564,0.330817216173873,0.426157514437207,0.298045227400717,0.449688003010958,0.357457348120372,0.404072396858633,0.422413458070406,0.335584755418554,0.269587842367008,0.467303598184553,0.430315161569676,0.325390717986227,0.175887158143831,0.510013691216634,0.413463869101217,0.346551419815561,0.410449467837452,0.350116397759776
0.353069175634621,0.416724845097425,0.321180886912583,0.441769484218671,0.314824742518781,0.446321432157103,0.319428754269528,0.44303804605316,0.255641422311315,0.482664378738924,0.465616318900838,0.285515118475392,0.427804762400863,0.339559309358358,0.341566771599853,0.426203683517209,0.432565134880129,0.333473902113673,0.424182683056284,0.344073379818834
0.272758277096301,0.372528241612098,0.246445909525069,0.390434094568476,0.289047248276421,0.360036188163042,0.270956367786107,0.373840895675292,0.243036455650939,0.392565471925096,0.376622599305355,0.267076367759528,0.364095044410642,0.283917535842288,0.262768508472803,0.379640724209249,0.374138105427418,0.270545830850019,0.376535934857149,0.267198537204823
0.377416028874402,0.387741457158633,0.331057356972408,0.428003881810979,0.345486595868172,0.416443643877831,0.326249767879845,0.431679725501639,0.253648040866588,0.477963354050669,0.467687636469636,0.272129695447353,0.411422855643964,0.351450608627427,0.361757409479977,0.402390200100797,0.431952966388499,0.325887912140048,0.406642787215032,0.356970503062667
0.342281813366545,0.381036316554357,0.289983504946914,0.422202654128921,0.348679451620654,0.375190823864767,0.337965641582469,0.384869769408501,0.245469864614554,0.449544280200422,0.413475489204199,0.302297095788483,0.378412238592609,0.345180665707297,0.333445467789028,0.388792533757734,0.39434779158466,0.326856747776613,0.410061826731491,0.306911734139369
0.324642447886587,0.309426459091071,0.304289084968785,0.329462600797561,0.328498590125616,0.305329541382611,0.308052896134894,0.325946108641195,0.215382382451881,0.393380073065204,0.381754749571621,0.235373668312626,0.3159815133065,0.318265825692876,0.302231849315341,0.331350813813491,0.366241741791021,0.258852156887504,0.330448574427887,0.303218060501037
0.299217077746544,0.490395402732589,0.338053640901217,0.464476314261417,0.296990697203037,0.49174692313353,0.400233280322564,0.412106578397724,0.325828862974219,0.473132183104645,0.423502737463163,0.388154533655923,0.408366809694753,0.404048337920315,0.336636462509788,0.465504460499935,0.433207486341508,0.377292703897269,0.427553103278407,0.383688486292518
0.348239631516045,0.29494931625478,0.321838783780713,0.323551753776957,0.329011706346616,0.316255019255791,0.331366975422056,0.313786340871032,0.266984986775913,0.370114788888337,0.363207583533593,0.276308145702006,0.315632319768384,0.329609130388134,0.327970153637002,0.31733502555015,0.370533497793229,0.26640357942548,0.330443180169326,0.314759026553926
0.332270095340219,0.399435385734589,0.307352170633266,0.418911311426844,0.310436551642839,0.416630761032405,0.328631720203378,0.402434138848218,0.253589865383388,0.453480125043175,0.429680385734159,0.292107531141671,0.398180101462023,0.333773351893215,0.327503945749147,0.40335246268379,0.413441214907278,0.314671901272313,0.375413537439586,0.359188974693594
0.242525322900238,0.321968177665063,0.24110655638198,0.32303199245036,0.288589932276796,0.281421197967212,0.263197439950717,0.305301731538187,0.22212774513107,0.336364838411825,0.327156967148417,0.235478998050944,0.299361013512237,0.269935220498831,0.233356470032311,0.328674303180041,0.319641506447673,0.245583686413997,0.316967773530011,0.249025039343947
0.347367550427971,0.355175618374482,0.325252082217156,0.375532978567034,0.34968336635024,0.352895846215266,0.319597234831653,0.380357124904984,0.25738996865118,0.424928628143326,0.429196644752508,0.250208263475079,0.369735775634824,0.331827351485286,0.349076704017589,0.353495954277048,0.406101668709189,0.286173670433945,0.375521417884762,0.325265429592268
0.34748773070393,0.347934031092784,0.351300126943856,0.344084341101818,0.311288554116253,0.380664220880364,0.380609681562004,0.311355236479991,0.269539266913068,0.411283839427478,0.335011222517695,0.35996290610206,0.300753037717003,0.389041672942933,0.308160829517291,0.383200621259226,0.321453366405487,0.37212033834342,0.331645391093208,0.363066312880822
0.387645292288617,0.443118438916389,0.363369005147864,0.463234054921566,0.399772054138451,0.432209588360957,0.367645731366037,0.459847191738252,0.306893662128231,0.502433183305748,0.497098964207576,0.31546068427774,0.448690800373869,0.381181569860194,0.397750172221803,0.434070989630442,0.462097180189106,0.364813677926832,0.470409129222361,0.354031177561362
0.284532924204664,0.361037629418164,0.285556429344834,0.360228650265596,0.316141779720226,0.333708750151495,0.306345713207015,0.342723589517894,0.286522966722639,0.359460351572746,0.339613726523299,0.309789721535919,0.346759102568885,0.301770243062443,0.277333106202351,0.366597194501677,0.3253920525622,0.324695498801112,0.337457978364279,0.312136616965454
0.31444712517765,0.39063022821874,0.290188096939084,0.40897412891965,0.299371992887571,0.402300111366176,0.296533961372689,0.404396562155682,0.205028931636661,0.457637527878389,0.442801219711445,0.235363653848189,0.393988745046576,0.310228687434508,0.302461092089598,0.399982821509476,0.433464227238509,0.252146254057513,0.403090920367952,0.298306352006843
0.380274378810933,0.479323207530525,0.39502426700921,0.467242088141927,0.385752276544766,0.474925806413931,0.388295640472903,0.472848639679898,0.356591498476795,0.497193969866355,0.496168380257137,0.358017148877537,0.467773428665176,0.394394928836842,0.375197777071334,0.483307323075206,0.468816325734013,0.3931546682702,0.448185627689718,0.416520087858635
0.351149503629332,0.362628866083021,0.333290708831023,0.37910812682228,0.333157702053236,0.379225017606158,0.304683245254023,0.402459673106835,0.260354829718606,0.432459282543431,0.43636757213755,0.253749897344932,0.386769380314132,0.324368794533639,0.330223796512941,0.381782546264707,0.403509883303422,0.303291019471798,0.3890620036559,0.321615338140207
0.259688598755354,0.384596447542185,0.340302608302977,0.315510270146279,0.310882904428393,0.344535071538086,0.354617297002076,0.299331201936131,0.317014279470539,0.338901965762022,0.323258492589193,0.332951261830542,0.303402670316751,0.351140164934535,0.296085465862185,0.357331768376057,0.297181047842048,0.356421128146312,0.273733980034565,0.374729641154825
0.385152928938508,0.269683093819146,0.380012521839748,0.276879455732585,0.323437826604728,0.341261955223531,0.341336373006368,0.323359289683527,0.282633964152464,0.375752301482295,0.354308969156304,0.309090446531714,0.322051936747625,0.342570138510177,0.332630119793501,0.332308521058276,0.304970419419706,0.357861415970968,0.278370432342864,0.378921696606337
0.383293652308729,0.423053487395558,0.374513745094891,0.430845368818915,0.39541758535153,0.411744107781123,0.36723917544187,0.437062541426834,0.322741392587093,0.470878190839894,0.467929555442201,0.327001847458652,0.438925582335176,0.365010424877748,0.384567835829024,0.421895551936127,0.427919578213729,0.377853293857672,0.437257522483039,0.367006997385203
0.300378260575672,0.400131287391872,0.261727682611014,0.426416189574706,0.277313020767679,0.416448838501259,0.289857267932029,0.407817251723518,0.173535643501579,0.46927340326385,0.442293215591731,0.233899247578674,0.39644824705678,0.30522276124488,0.295430111109612,0.403798459662868,0.420239866280349,0.271533794149121,0.40443177509094,0.294562533043723
0.306511641463798,0.253024975493994,0.272421165765721,0.28940928288397,0.293112570571167,0.268432571700476,0.25253680030981,0.306913976654455,0.264328239936149,0.296819147207227,0.329607164114295,0.222103898977709,0.293556577107179,0.267946936190144,0.289054479393947,0.272797603579765,0.332863369565921,0.21719346624102,0.291686169057043,0.269981857459708
0.476814479334892,0.505450871650195,0.560568746077662,0.410603595060083,0.504958033644287,0.477336375749263,0.472546570862339,0.509443195775144,0.530822447961959,0.448397323915989,0.510809432406152,0.471069373999469,0.509569070189606,0.472410831862953,0.482021078640949,0.500488072886021,0.45209904367469,0.527673275866589,0.384878893389653,0.578533377410935
0.309336045274482,0.335617607043337,0.293131915343976,0.349859467887214,0.308731036331839,0.336174232012241,0.284990649869601,0.35652250497052,0.252279306031083,0.380372342333177,0.383371550018826,0.247697843550797,0.347369690941586,0.296078139819033,0.322234739568846,0.32325336762136,0.3530065745537,0.289334279658347,0.34141351003886,0.302927024589252
0.330687999825427,0.452655739886501,0.348967278249676,0.438718145045028,0.303384678285834,0.47139103625561,0.29844005029146,0.474536941093913,0.351183228082551,0.43694634956051,0.448103924631883,0.336830290814589,0.479769855428987,0.28995285462017,0.301977583464315,0.472293670469751,0.452318612055861,0.331148977453647,0.441280694931567,0.345721159840486
0.349927226475632,0.333607044562094,0.315540114097932,0.366302007099944,0.30458528547983,0.375460421189177,0.343973539695857,0.339742443623823,0.241716648241926,0.418707279579747,0.382587992148473,0.29558273338303,0.34199154733452,0.341737480476059,0.312101606725465,0.36923611834403,0.384306354797714,0.293345103372252,0.355843245817468,0.32728933440684
0.353336931966983,0.400159586780772,0.363302202850427,0.391134493222504,0.338369855611711,0.41289287133312,0.275278659433767,0.457379866243308,0.310535376690405,0.434214765073859,0.47800075921915,0.237676159028024,0.442863045075647,0.298072148465307,0.357250288643601,0.396669779096495,0.402483526625552,0.350687457972846,0.388944600016487,0.365645703519696
0.351108754946349,0.434581826932022,0.352184402382835,0.433710581860524,0.366819396039233,0.421405093453984,0.342185158598457,0.441642433801937,0.31486252958807,0.461519565740122,0.46372479752692,0.311605574818819,0.439165446718806,0.345358411665071,0.314803069899496,0.461560125315654,0.44216160505273,0.34151403648568,0.400724018735213,0.389305770453316
0.344052169229526,0.329696256970875,0.343271524223068,0.330508967608626,0.307472504396828,0.364049688987768,0.293423472157974,0.375465288673809,0.298486199752002,0.371453234700892,0.392813713459654,0.26975711951714,0.365250292387441,0.306045324948833,0.326759999820173,0.346842067128064,0.365525786467992,0.305716235157872,0.330893369682138,0.342900998704506
0.474798929880813,0.481820970169279,0.403939755207115,0.542603119484256,0.447891252503757,0.506930860218083,0.404268255361413,0.542358413613976,0.39837766773721,0.546699830765559,0.547721146819558,0.396972311928047,0.525901685922548,0.42545609392116,0.412020410928605,0.536492918955184,0.53309349927346,0.416409404484585,0.540000466009987,0.40741252781404
0.310558524821642,0.36976283308943,0.32960370758867,0.352891691624383,0.302680256314807,0.376239036399626,0.338775440436958,0.344096426936494,0.233314163719191,0.422771393405149,0.394911688805194,0.277877505600482,0.349408070300745,0.333294390115444,0.290850528108247,0.385457027919936,0.408538036224227,0.257425373713953,0.347261776721967,0.335530041131371
0.351135228235177,0.362365348345338,0.312185037926134,0.396415307832917,0.340117673632299,0.372725854043104,0.3331130038632,0.378999104017996,0.233116863931238,0.447505443475353,0.422801486740874,0.275396980736743,0.364700000225878,0.348709770474606,0.359149035263163,0.35442427210724,0.397102226475311,0.311310802763988,0.383078283065151,0.328413798786019
0.281994458995568,0.35524355510483,0.25403260589211,0.375747646022414,0.271409787276389,0.363394531767205,0.260625923474323,0.371204776856222,0.180181782211568,0.416237172423108,0.399358373901674,0.215015691386308,0.352315973442593,0.285643682242264,0.283935967180546,0.353693687940524,0.37125071221297,0.260560486315719,0.359454220966411,0.276607160748148
0.258469355487727,0.290409647350212,0.261712848879684,0.28749009675395,0.286349145982312,0.262960714928135,0.256316538776926,0.292311482753812,0.224055408664992,0.317715824044505,0.324113484703896,0.214696576669058,0.284268068615431,0.265209042391032,0.273010431133851,0.276784167705496,0.273332142627357,0.276466473206162,0.277801524842718,0.271975152900731
0.42024710327252,0.477224658982476,0.435414637089067,0.463427552869356,0.426504378953359,0.471640771862965,0.395266041196842,0.498112195821846,0.416702966053758,0.480322434445743,0.517986219834732,0.368837740763074,0.487731769596187,0.408005789023215,0.449747780923945,0.44953079594603,0.444275547623509,0.454939821002422,0.455304224549513,0.443902090620501
0.350086164877537,0.355437100650022,0.331927459405098,0.372451361992453,0.339681587916826,0.365393314371596,0.287720460790187,0.407569370536892,0.322144201754271,0.380944836732643,0.399144735950614,0.299298070692196,0.408587247151878,0.286273150717992,0.316574985405109,0.385585443154836,0.366791614392259,0.338171209550246,0.365901735526827,0.339133860438046
0.314019475525619,0.295305063604352,0.255918575237688,0.346870284757959,0.302174144083432,0.30741518870609,0.312434334096422,0.29698164670141,0.176344048890316,0.393339659862472,0.345612847815803,0.257614190262116,0.284958458292471,0.3234377662663,0.291793733834902,0.317284932662176,0.351264269427838,0.249853406266721,0.336127737553396,0.269873036161434
0.314353447727123,0.381522193987935,0.269446554184668,0.414458476860234,0.298733974081574,0.393872171310345,0.305260964737594,0.38883546393143,0.211270426434586,0.446925140842899,0.419956202988696,0.260795057803276,0.381059995942723,0.3149135660708,0.317246295021768,0.379120116715346,0.392965738104403,0.299925329506126,0.387993661955468,0.306330202372673
0.363434100931838,0.323646588537785,0.398235532203232,0.279713998368133,0.285025175965876,0.394451656173352,0.413677963705314,0.256324018259905,0.293914707330213,0.387873181345752,0.300314180148275,0.382939751389365,0.259010040538761,0.412001527779192,0.348344934097267,0.339834175563686,0.290229855576123,0.390638056165221,0.273715276772212,0.402382165675606
0.360299948688886,0.396820390583278,0.300766975578297,0.443645919410247,0.355449409850231,0.401171026427634,0.333768606987833,0.419381678661909,0.252812150119352,0.472618759847627,0.446846038932959,0.295991710859955,0.400036010376177,0.356726317798659,0.344542733794478,0.410576156148048,0.416707084261296,0.337101885687886,0.422480628778678,0.329837223058059
0.349791196326721,0.395662406902043,0.311832619386111,0.426219472513861,0.370805690148366,0.376039574269505,0.346310177771323,0.398712781379268,0.277592301981125,0.449271783160278,0.426041124113764,0.312076243612161,0.385974637480068,0.360452771504571,0.34538267285295,0.399516495975008,0.408274325535052,0.334984621097888,0.427164743779328,0.31053647601391
0.355128323690353,0.393728159523444,0.331097858031564,0.414140312328743,0.332406064002323,0.413091029318384,0.332714952298639,0.412842282725199,0.242539096466568,0.47150055840266,0.457021672967332,0.268829277287612,0.396123062452673,0.352454974829346,0.350176397742192,0.398138770221064,0.424856143127179,0.317230590479444,0.383249007094696,0.366412593192113
0.331692377262969,0.40282471404458,0.30925172849231,0.420298645969715,0.300296741160131,0.426742838988614,0.357918112797552,0.3797133233255,0.250322919566369,0.457849341289497,0.41140260139988,0.320991406334918,0.379715982541214,0.357915291629482,0.31839018472662,0.413419004944385,0.419573816522522,0.310234420830735,0.406995789147934,0.326560884055803
0.353242805243657,0.495529082093266,0.35300569207959,0.495698025027347,0.355804762710071,0.493692739960223,0.381370582168805,0.474221498577225,0.334574121531431,0.508320477512045,0.484412737398607,0.368339314359179,0.469249130643966,0.38747232681378,0.348070070167042,0.499176098096166,0.48531557497946,0.367148938904852,0.469822067498146,0.386777423783201
0.315554211613708,0.436869421524633,0.346643870657853,0.412634679669266,0.281351295695313,0.459642035002223,0.293394099570046,0.452050057259036,0.302680649694885,0.445885384634547,0.462279469853183,0.276996468718784,0.44287527625368,0.307068138388929,0.322175386163351,0.432009690262744,0.440719214238812,0.310154680975703,0.422831321880828,0.334130251798498
0.35134115378888,0.306963700968203,0.312386965859403,0.346528070463208,0.331100926818529,0.328693620743861,0.340301262347942,0.319158849011264,0.214539941839186,0.414294500824518,0.376809396104847,0.275103615143273,0.289036268693363,0.366231286808781,0.338771961148151,0.320781667801689,0.372881486555311,0.280404559595772,0.34813802397575,0.310591751854517
0.282878107661353,0.262897727968704,0.285996236194621,0.259502200467906,0.296439405487328,0.247505389920086,0.293212093688033,0.251320328028305,0.206872863010108,0.326096393287592,0.328166441723864,0.203573145801386,0.236547207426235,0.305255070103715,0.285147480724811,0.260434547250299,0.327605823096358,0.204474115326446,0.256591672941192,0.28861038190338
0.337619968890095,0.296561004369342,0.258049190664766,0.367894397759957,0.331025302809829,0.303904461312373,0.336166144283197,0.298207974648014,0.198258261696261,0.403273275056851,0.337236164963281,0.296997376666463,0.288350493587588,0.344658766831335,0.31347992124399,0.321972066618773,0.341040547465665,0.292620945405864,0.352436290442905,0.278790842541046
0.267585514619677,0.296105596991064,0.258849211788849,0.303772312365698,0.271943045606667,0.292108733436509,0.255155775709336,0.306881186008329,0.228781125291429,0.327016404655943,0.331707134005384,0.221925459228196,0.300469928198959,0.262675378465177,0.263585846928393,0.29967154269759,0.349454994954648,0.192773801915506,0.295118651473528,0.268673619390066
0.370345694529717,0.403249972557571,0.327697342685004,0.43861250030245,0.353667420986967,0.417954338602685,0.337005069031943,0.431502094167752,0.268921730471622,0.476914642996551,0.466031834714737,0.287368757621276,0.427269721781082,0.342355164519971,0.371856567122028,0.401857147892881,0.441505334565695,0.323789303983954,0.435180904169715,0.332240958447945
0.382501843160798,0.390607308138543,0.325463897298626,0.439266412041526,0.362541616349416,0.409200813302465,0.335386671504935,0.431737778946304,0.26580519989334,0.477733529179508,0.451531823909567,0.308221902514319,0.414222115543306,0.356793733391541,0.356032664604262,0.414876452606599,0.430543300344213,0.336918678201964,0.437097699926451,0.32837072024109
0.281937133108394,0.322820425093163,0.260558163836962,0.340310177838721,0.272992771379992,0.330418705065229,0.267267261545847,0.335066836300603,0.24614434671129,0.350876808103333,0.348191632653201,0.249928311387504,0.332291024184603,0.270710637266175,0.282474787267144,0.322350071259637,0.345878379950472,0.253119971882007,0.327383602183297,0.276625289704683
0.214287865233398,0.296827826908258,0.173891333718521,0.322161220619366,0.216739502591883,0.295042430896963,0.281443682048138,0.234127106180708,0.124591609882897,0.344242616130185,0.253972391920891,0.263674178021564,0.231898512927047,0.283282769888304,0.178179696917239,0.319809386384839,0.256187031975586,0.261522948631485,0.253136894921369,0.264476389197474
0.395617144168934,0.361002165160132,0.337759374914724,0.415636972210007,0.406536625314373,0.348659519142512,0.367649941378358,0.389447054957636,0.312112862403818,0.435225285493366,0.419223746663776,0.333297072060156,0.376218604769605,0.381175877300622,0.402304897248707,0.35353395545604,0.375306270099181,0.382074196504982,0.4113480697902,0.342969755941487
0.458797734557145,0.377674771523115,0.393503671757352,0.44529591800654,0.452910599790284,0.384714937164403,0.401745090727256,0.437874955159979,0.361463870628376,0.47167516842649,0.466788702623302,0.367752500172412,0.422312930249015,0.418073418461752,0.451640419020743,0.386205290210495,0.432447462905359,0.407581631218242,0.461115837891739,0.374841004060662
0.337311769091166,0.397651062752409,0.305742764359546,0.422406154450093,0.337901005333844,0.397150485168922,0.329465348959337,0.404175928415627,0.262061392785556,0.450809742227059,0.430383636338774,0.294407069968346,0.398583642394487,0.336209276033657,0.322203655525041,0.409988294518066,0.411075813653361,0.320815013215965,0.402895790624179,0.331029574468581
0.318732062748411,0.36082389860059,0.302007554727648,0.374933928196172,0.328903012100857,0.351577619105894,0.287524253999415,0.386152582520518,0.262269145985822,0.403731233234504,0.408421419431509,0.254903820635817,0.380551745508099,0.294897240773672,0.313629120634979,0.365268104705182,0.363732565512293,0.315408678401581,0.374567548727297,0.30246184067682
0.391858945545647,0.375072649507026,0.388994534858835,0.37804256038484,0.380638210385954,0.386455014725575,0.333706166943946,0.427636667927279,0.330428156814014,0.430174567817369,0.464974443415654,0.279341533937703,0.422389857152362,0.340322985099704,0.378861181565155,0.38819728324065,0.436622957720578,0.321859159266441,0.369071592032791,0.397516145039101
0.278171470492095,0.525413363114998,0.324036034796589,0.498436773612112,0.284903713946644,0.521793486846048,0.33226095282986,0.492992117949305,0.484913447592753,0.343944061555449,0.334500050792644,0.491475620102631,0.518775599843964,0.290362611474141,0.320389755118438,0.500788352451108,0.528911305962408,0.271461598685132,0.484151781582923,0.345015393171999
0.336726737638154,0.333012669012298,0.30428263588087,0.362897245876182,0.31937333183502,0.349689874711474,0.298750243245784,0.367465135385269,0.228494972630097,0.414816080987586,0.399089581601107,0.254970271640798,0.354195945036827,0.314368519547676,0.321586009650067,0.347656111639757,0.355738488398878,0.312621914514658,0.345463102504678,0.323940701936282
0.453961329893563,0.600649537137392,0.439051788245876,0.611632473582129,0.455508960471744,0.599476723845093,0.398706668872579,0.638665599276043,0.45256394889366,0.601703105911771,0.613552600176706,0.436364483337608,0.63409264143064,0.405939992592019,0.443096309009599,0.608708810881003,0.593577657058942,0.463169861435858,0.625003323734856,0.419799476920206
0.367468561707342,0.483288680769317,0.376052011134505,0.476640302245523,0.373507375756022,0.478636953294309,0.371580597710989,0.480134306426601,0.35934395564414,0.489359800499624,0.495681216250333,0.350572709519152,0.473474933060107,0.380029710110586,0.3780208137551,0.47508036917025,0.459000034716439,0.397391571291236,0.465335606396722,0.38995367189245
0.35795300497402,0.342583617182635,0.36145565602954,0.338885964973653,0.331647830680601,0.368108142991595,0.313892912344491,0.383360311080533,0.302220069605198,0.3926282186238,0.407222711228609,0.282247324152931,0.380594626860146,0.317240631913781,0.327625040285059,0.371693047433071,0.34864801594925,0.352048930557275,0.322425585731191,0.376212214312305
0.394733278655757,0.404254135011809,0.409650754211133,0.389129832481036,0.39738819772598,0.401644603176199,0.359349523913041,0.43600881483743,0.39907772442573,0.399965919572718,0.432787400958475,0.363222841412923,0.429517936862183,0.367083245144917,0.424137947508862,0.373286442876565,0.363946800557428,0.432178774717687,0.382068119499283,0.416244782567602
0.336589674506969,0.492857190481562,0.342587277245024,0.488707250472026,0.3467192062914,0.485784531642113,0.302700221465692,0.514366984864607,0.324541945547448,0.500872583372621,0.528362441683351,0.277549904364051,0.514305810664572,0.302804148437143,0.345323001578997,0.486778023101452,0.494001014206128,0.334908669874942,0.492366084052141,0.337307661444631
0.367870737279476,0.433169693429322,0.312080607748468,0.474942688036719,0.360233008744039,0.439541854734467,0.322284695278675,0.468078452656528,0.315815105545446,0.472467651550364,0.457143718222161,0.337615881649864,0.472825359331345,0.315279308273446,0.35381550343524,0.44472401799438,0.436175964284397,0.364301236386557,0.47487958229121,0.312176624645606
0.430152500906053,0.484279155614937,0.397682274994498,0.511279065436919,0.432501337465888,0.482182608239935,0.402308233122991,0.507647082292714,0.337715908023886,0.552725465368162,0.544285446624692,0.351156414139637,0.518252393563718,0.388551066353351,0.426729667512351,0.487297922695805,0.515176893441477,0.392619718127908,0.524468767687351,0.38011838461111
0.42640391245395,0.406771022372997,0.419227879007707,0.414162946992014,0.415032384523367,0.418367160512459,0.303314273836349,0.505255789165783,0.378605910705963,0.451597747533043,0.528807766773904,0.260087114248296,0.510611937999754,0.294208106568369,0.425994580966866,0.407199678518136,0.420819621736269,0.412545521318742,0.406986221520832,0.426198517935722
0.43154999161521,0.405702829070053,0.374704924915346,0.458722574136828,0.424527013666569,0.413045996767767,0.406991333663824,0.430335026579379,0.288238722611637,0.517444315425095,0.480836737009863,0.345870225836572,0.437049878043611,0.3997719160729,0.420382268980186,0.417263620155896,0.450654390305139,0.384370656108445,0.464867203481659,0.367054034040868
0.427040188967663,0.355731797425296,0.37590392729956,0.409395495986138,0.388497838950565,0.39746429251407,0.334391829768157,0.443948802090144,0.327309347458553,0.449195977006947,0.46407038338451,0.305854726885696,0.441122726591507,0.338111187004281,0.404629862288646,0.381029013642323,0.375777253220238,0.409511771082618,0.396496338542019,0.389485671386948
0.376665872486883,0.350746183216447,0.309748618565043,0.411042403936939,0.373648707130607,0.353958624978733,0.354376095397324,0.373252793088218,0.23547121551218,0.457660759954823,0.4179032221535,0.300427963829821,0.352512753981238,0.37501309686166,0.360582496651845,0.367260571863536,0.397212450005515,0.327295484383494,0.402545206037659,0.320713924913323
0.35270572987298,0.307112843141775,0.303766493716007,0.355591827244861,0.346260753629226,0.314361449296787,0.337172585971868,0.324089922053894,0.253725048805173,0.392865409417359,0.350441012293,0.309694570845072,0.304503830198319,0.3549606283835,0.344788449559949,0.315975561330149,0.323041998956848,0.338176724831588,0.344357200255922,0.316445491261543
0.364706842446291,0.403069515839773,0.334186253629628,0.428713964563141,0.333563603992213,0.429198599273318,0.314949667952383,0.443038172376982,0.271626272436429,0.470845286318918,0.461412188083958,0.287358501203682,0.426087674698447,0.337528382505121,0.362528674271362,0.405029722190238,0.441009789933254,0.317783701138808,0.438026788953352,0.321882972034354
0.298359602294541,0.309645646456272,0.244326256580639,0.353841149381994,0.301702384194576,0.306389539674558,0.301571076033375,0.306518783683401,0.187358772055271,0.38703432558963,0.339108245916015,0.2643945464688,0.304819281674134,0.303288780159016,0.268707616082035,0.335700902158735,0.342057173684279,0.260568164943075,0.340954836609023,0.262008927412013
0.270566198188241,0.443481189514578,0.327890278711198,0.402951111404345,0.274266979242029,0.441202059325153,0.348369674105219,0.385383190109697,0.307898054055149,0.418426124141832,0.396461648969657,0.335707899745543,0.386210607823181,0.34745215420278,0.324720497323325,0.405509841648012,0.371265001058975,0.363378496947718,0.366809039832017,0.367876013560027
0.190915409107161,0.434638043276725,0.175624874226638,0.441038349410629,0.178785709771866,0.439766519961837,0.167587003943808,0.444154835847943,0.356735767150756,0.313206823893312,0.309930768875665,0.359585651273954,0.443170357254072,0.170173313269952,0.200728279813526,0.430194234946353,0.442530216388958,0.171831108012249,0.439082160317522,0.180459908536142
0.347385763184068,0.36329170081139,0.318784805369885,0.388630899706514,0.339261029942832,0.370890390686438,0.28488343742453,0.41412456510402,0.320309950908701,0.387374836160373,0.405623547255744,0.296862369210173,0.411316479203103,0.288922969452712,0.335641085271467,0.374169467246062,0.383367094620818,0.325095984446752,0.374221143598265,0.335583468045457
0.289301951312735,0.333875783873343,0.278790759811388,0.342701576206157,0.330926668458695,0.29267080174357,0.319200495869751,0.305417258069842,0.236181523375713,0.373345612142854,0.343035312702275,0.278380014242487,0.304441164999262,0.320131590356664,0.283031118235638,0.33920796600416,0.329394399473568,0.294394272508558,0.333485673455202,0.289751555113214
0.217081347185434,0.276655642363526,0.182666558978156,0.300492236136806,0.222066914870722,0.27267002231125,0.267010915362826,0.22884017747005,0.135053447710725,0.324689423925179,0.257852359312165,0.23911256040737,0.225073024880929,0.270193984422982,0.192563291268349,0.294248253356446,0.250749126773516,0.246551274930262,0.232811377810156,0.263555531358298
0.434617976674718,0.484711877513145,0.409611966101744,0.506020184456518,0.43170168890275,0.487311031734002,0.377808129211317,0.530188086770147,0.351771690428914,0.547809335137626,0.566473993571815,0.320851374405569,0.530344370076808,0.377588716699767,0.444920304439586,0.475272882193514,0.504623914232162,0.411330882667659,0.512801634010427,0.401089608451005
0.40925807230423,0.472531590289157,0.41773244085329,0.465056858272326,0.388264680986928,0.489927352844779,0.408095621821105,0.473535887782351,0.372179071379126,0.502255923205237,0.500873649518466,0.37403724518479,0.466031379637502,0.416644964880821,0.435907775090236,0.448065492069244,0.453205141109885,0.430561695508255,0.452683355429364,0.431110256529099
0.370248146405568,0.336064438927414,0.3322639274241,0.373662520947805,0.376542268719975,0.328996834172565,0.339699520427765,0.366915838918822,0.2675014402639,0.422452336347067,0.412332248837607,0.282851751977742,0.3542185322606,0.352919577852381,0.366336640860873,0.340324055263698,0.374512893027698,0.331305131237626,0.379012784979753,0.326147674911608
0.375440644646629,0.449765370635606,0.40712948351892,0.421295798608624,0.392134588531729,0.435287296796855,0.369663739927801,0.454525341051796,0.382866044321234,0.443461563589757,0.475427640153709,0.342364024473273,0.44406729094208,0.382163325544227,0.405758792888729,0.422616100343021,0.409139047740448,0.419344495480387,0.408720443041442,0.419752505311962
0.286342056856561,0.378719952441589,0.264741745259689,0.39412229601871,0.28418736948929,0.380339473266927,0.262177474605496,0.3958327269336,0.271462406703737,0.389523731817229,0.389053450363791,0.272135974582993,0.39039634574284,0.270205975383304,0.27752661531963,0.385226626405076,0.390420851922313,0.270170565174041,0.383183121581892,0.280341347711969
0.401314079865594,0.337339996056487,0.319162748144729,0.415916342350794,0.386653183354203,0.354048837647887,0.394791976785677,0.344950081466023,0.210206466874524,0.480275446927998,0.405115757048743,0.332764912556271,0.346668839783727,0.393283586182748,0.373968851916547,0.367421503771865,0.409814991924644,0.326960144408402,0.415615877947291,0.31955391663358
0.345546374341369,0.330951015421509,0.327786677444999,0.348549516594934,0.340286914224224,0.336356488619961,0.308707975611171,0.365554725346351,0.29620867541094,0.375754297434228,0.387364298333489,0.280855428656092,0.361988993601874,0.312881511023096,0.332599542882288,0.343959903918301,0.391394057044569,0.275211852105222,0.340817778859038,0.335818571616558
0.283738471673903,0.335057360299086,0.2607892940972,0.353213673408488,0.27522408641257,0.342085745474435,0.290573111220552,0.329147720687904,0.215225023069449,0.382686744535513,0.35208599850972,0.26230974944109,0.32660479933207,0.293428458148988,0.280413071267429,0.337845326237913,0.326847247639873,0.293158373083003,0.323506443553101,0.296840927060367
0.321497601296959,0.318461358361772,0.28650757109536,0.350273830187699,0.302934566574446,0.336168101972326,0.276392154810448,0.358309532623067,0.280217961994025,0.355325538323998,0.364913734584741,0.267612239482316,0.359495402396937,0.274847958087355,0.308444579429616,0.331119745454437,0.353753869308641,0.282199476183937,0.340022094202396,0.298602277056858
0.266298364210037,0.407512812691776,0.265432719895483,0.408077177134166,0.280145248335577,0.398120774544486,0.306700522062059,0.378042723849784,0.217363493866006,0.435585379487496,0.396523459129032,0.282401589317855,0.380659328107539,0.303446844131918,0.216472349524942,0.436028936172882,0.393690771094508,0.286337367529833,0.373281776565908,0.312477561710762
0.338847671795878,0.304983494182934,0.318237530066452,0.326431540851558,0.35194509196918,0.289771165998834,0.314258194089789,0.330264233384336,0.250188202871335,0.381101744353828,0.379564102416644,0.252514887803008,0.32660822619351,0.318056194701891,0.336197128507595,0.307902853492406,0.341505444413995,0.302004483147383,0.331197404460589,0.31327456916272
0.40394068703854,0.383210249721005,0.410476094500955,0.376201475249161,0.412024101454134,0.374505425804909,0.372011839152887,0.414276919060777,0.330015352966386,0.448450711832275,0.465628569060478,0.305300196218565,0.403210068522092,0.383978924914913,0.400129504353977,0.387188008442725,0.419465395324135,0.36615154821736,0.391783713915511,0.395630756699945
0.363888800788726,0.301771268930102,0.302899134813429,0.362950509326571,0.354153548848021,0.313139301157638,0.347867745516225,0.320107778288189,0.221747512437489,0.417503291985736,0.369338385587392,0.295076456232685,0.305469847086514,0.360789593270209,0.358662566923083,0.307964480385784,0.350338948242173,0.31740129085388,0.352972146956586,0.314470382649939
0.420300454709921,0.425339874438209,0.337447247365824,0.493655584655644,0.400810326192493,0.443753944696771,0.388735152982482,0.454369301177098,0.291375914941541,0.522174833947843,0.474690339750167,0.363642080024231,0.425894587135692,0.419738349052116,0.41491936491749,0.430590758880105,0.434623226604609,0.410693476831902,0.477997809118181,0.359283419454191
0.361214603747082,0.456293759499066,0.291555538974274,0.503661942786403,0.359037916961957,0.458008470556574,0.356930908765475,0.459652380920414,0.214168467334653,0.541120922269209,0.496749730629419,0.3031826018055,0.453697319116645,0.364470475545444,0.342949472508094,0.470176184237753,0.483199270521095,0.324343105192379,0.485578635797239,0.320769969565802
0.37618772297556,0.455652059979805,0.344780551439049,0.479856618200439,0.303360225283187,0.50705875043974,0.317769418803185,0.49815519585252,0.292647946783846,0.513315869542893,0.50140353939875,0.312618766806766,0.475204135338467,0.351165249474654,0.341458965243322,0.482225857598218,0.47608222772482,0.349973877776541,0.458054159292396,0.373259145683415
0.449186902947607,0.408964375864228,0.407302177391602,0.450694653615661,0.435605114226908,0.423401604821053,0.380285662974992,0.473712517294352,0.352387802898224,0.494816704320138,0.505789525004202,0.336448645266561,0.446398497610047,0.412006208493481,0.453093218485106,0.404632264986974,0.449546591507338,0.408568961828741,0.459079785784041,0.397827204688366
0.361520656166458,0.323016983278387,0.329026314326318,0.356060164581964,0.373335857300632,0.30928545710217,0.367588574375073,0.31609460025473,0.250383722815609,0.415144730991846,0.379837145727819,0.301265495944424,0.305630419466387,0.376333898311189,0.357191260081749,0.327798047649019,0.356533007673665,0.328513882142698,0.336786807818312,0.348728837925468
0.372967571956964,0.348261276023717,0.362331727115429,0.359313853942053,0.347943416696517,0.37326412215306,0.322670540190325,0.395315631619121,0.302150146787334,0.411212858390315,0.427644889959483,0.278407209318802,0.397532401637158,0.319935486868422,0.346257045298061,0.374829007269444,0.358039696979329,0.363590843526197,0.32489147875759,0.393492380027679
0.326222892980757,0.463542183854059,0.353253447761284,0.443288544586583,0.328436780480729,0.461976204305349,0.34855213434425,0.446994565695147,0.322511838390789,0.466131790607247,0.467558792432791,0.320439553950062,0.437969476251202,0.359827000083613,0.371841628668249,0.427816006369875,0.437048246582144,0.360945372981006,0.447562038235308,0.347823164909386
0.42319580280735,0.441498924055856,0.370285484845986,0.486728514850538,0.41209670348826,0.451876414996784,0.365745878143061,0.490148895824114,0.33141744367028,0.513982942798001,0.502198451334928,0.349016765976989,0.475475959723719,0.384627871040367,0.410859247897424,0.45300183870863,0.456661802364879,0.406787396212194,0.492844266226847,0.362105670631595
0.311102893569085,0.349239214907952,0.307311952737489,0.352579641104321,0.297396581707813,0.360982427280177,0.297871064583231,0.360590998917934,0.26384608872072,0.386184257943483,0.389005837624712,0.259668053311293,0.364102192597533,0.293568787445549,0.314797781641491,0.34591241129826,0.335384258511563,0.32599147037803,0.31896945994155,0.342069471366821
0.294014552126492,0.325957624464818,0.289358944119417,0.33009745722587,0.289482778212958,0.329988864853037,0.311330433008772,0.30946129207295,0.226906582684305,0.375774310648585,0.346067746813538,0.270055632091408,0.305222251430979,0.315487411857103,0.29085265918935,0.328782086573117,0.302797652758195,0.317815215641128,0.273805824417876,0.343108292414707
0.350417263375773,0.409301020693542,0.372395733311466,0.389411096174668,0.366053046120713,0.395379250136231,0.366759211968371,0.39472428915495,0.314774682802302,0.437305937621766,0.432438203342193,0.321429283517724,0.39152664458614,0.370170866751639,0.328409399536404,0.42716138672483,0.404108873290589,0.356392483843798,0.355803245404806,0.404627772862848
0.262742444069897,0.372080011072867,0.242621047371432,0.385502469419065,0.249814365968235,0.380880439392333,0.259286308382256,0.374496644632912,0.2413972726618,0.386269961694218,0.383486275354402,0.245795449857428,0.373633384976652,0.260528731979213,0.270925097410909,0.366164878365877,0.348443259457101,0.293367383147341,0.345759074085685,0.296526203299501
0.238014441176897,0.350754919191409,0.253041503943694,0.340073352128091,0.222701078508728,0.360671758218983,0.215681035059987,0.364913111111639,0.245448773959291,0.345593383772901,0.384567391795255,0.178291359054547,0.362317418124269,0.220013581556882,0.271342568052336,0.325657946791548,0.349645318848939,0.239641479199129,0.334231457150401,0.260709072716779
0.374590945599335,0.350167929096085,0.317140477860327,0.402936561253714,0.368182708733562,0.356899773160563,0.359269678209737,0.365870541874468,0.243849854833042,0.451080041001982,0.408698138590852,0.309680135954532,0.361672338476816,0.363495632261457,0.332535402605404,0.390328273516673,0.433037508294943,0.274616954141858,0.41057719437226,0.307184508974408
0.30796752742322,0.388883379363129,0.272210777182101,0.414699377233649,0.321226446285487,0.378005093747236,0.276004347980168,0.412184279889592,0.251021331952639,0.427858120872776,0.427239048234551,0.252073553463457,0.407963126114076,0.282206251566634,0.294196809231066,0.399402701706334,0.404516483399227,0.287124877623627,0.406130048924806,0.284837961045213
